City Parish,Total,25 - 29 anos,30 - 34 anos,35 - 39 anos,40 - 44 anos,45 - 49 anos,50 - 54 anos,55 - 59 anos,60 - 64 anos,65 - 69 anos,70 - 74 anos,75 ou mais anos,sex,year,,,,,,,,,,,,,,,,,,,,,,,,,,,,,,,,,,,,,,,,,,,,
Costa da Caparica,47.51,73.18,77.07,76.96,76.38,75.97,73.20,65.27,46.54,16.21,4.96,2.11,HM,2021,,,,,,,,,,,,,,,,,,,,,,,,,,,,,,,,,,,,,,,,,,,,2021
"União das freguesias de Almada, Cova da Piedade, Pragal e Cacilhas",45.60,72.09,78.20,79.63,79.41,80.75,77.02,70.21,50.23,16.32,4.18,1.14,HM,2021,,,,,,,,,,,,,,,,,,,,,,,,,,,,,,,,,,,,,,,,,,,,2021
União das freguesias de Caparica e Trafaria,45.13,66.08,69.19,72.36,73.83,74.69,69.31,62.59,46.14,15.53,3.68,1.14,HM,2021,,,,,,,,,,,,,,,,,,,,,,,,,,,,,,,,,,,,,,,,,,,,2021
União das freguesias de Charneca de Caparica e Sobreda,52.28,73.74,82.17,84.08,84.33,83.93,80.02,72.53,49.29,17.57,4.29,0.85,HM,2021,,,,,,,,,,,,,,,,,,,,,,,,,,,,,,,,,,,,,,,,,,,,2021
União das freguesias de Laranjeiro e Feijó,48.06,70.61,76.35,77.14,78.24,78.48,75.90,66.31,47.66,15.65,3.34,1.11,HM,2021,,,,,,,,,,,,,,,,,,,,,,,,,,,,,,,,,,,,,,,,,,,,2021
Alcabideche,49.55,66.21,72.50,77.32,80.27,78.68,76.20,69.26,50.83,20.46,5.45,1.71,HM,2021,,,,,,,,,,,,,,,,,,,,,,,,,,,,,,,,,,,,,,,,,,,,2021
São Domingos de Rana,53.06,73.26,79.79,83.11,84.08,83.41,78.30,71.91,50.52,16.87,3.85,1.10,HM,2021,,,,,,,,,,,,,,,,,,,,,,,,,,,,,,,,,,,,,,,,,,,,2021
União das freguesias de Carcavelos e Parede,49.09,74.07,81.98,81.14,81.49,81.86,78.53,73.16,54.67,20.84,5.09,1.69,HM,2021,,,,,,,,,,,,,,,,,,,,,,,,,,,,,,,,,,,,,,,,,,,,2021
União das freguesias de Cascais e Estoril,45.55,69.77,76,75.71,75.64,75.70,73.04,65.56,51.90,22.15,7.75,2.67,HM,2021,,,,,,,,,,,,,,,,,,,,,,,,,,,,,,,,,,,,,,,,,,,,2021
Ajuda,45.42,72.22,79.61,75.94,78.49,75.42,71.94,66.20,47.84,17.38,3.15,0.99,HM,2021,,,,,,,,,,,,,,,,,,,,,,,,,,,,,,,,,,,,,,,,,,,,2021
Alcântara,50.82,76.66,79.86,80.24,79.49,78.86,75.40,70.39,52.84,22.64,5.78,1.90,HM,2021,,,,,,,,,,,,,,,,,,,,,,,,,,,,,,,,,,,,,,,,,,,,2021
Alvalade,52.18,80.18,85.14,85.52,86.28,85.57,81.25,72.78,56.95,26.18,9.53,2.07,HM,2021,,,,,,,,,,,,,,,,,,,,,,,,,,,,,,,,,,,,,,,,,,,,2021
Areeiro,52.45,77.92,80.67,82.35,84.37,83.15,79.10,74.98,61.72,29.70,9.13,2.59,HM,2021,,,,,,,,,,,,,,,,,,,,,,,,,,,,,,,,,,,,,,,,,,,,2021
Arroios,55.28,74.07,78.34,79.01,78.71,78.31,76.09,68.88,57.51,25.68,6.68,2.27,HM,2021,,,,,,,,,,,,,,,,,,,,,,,,,,,,,,,,,,,,,,,,,,,,2021
Avenidas Novas,53.24,77.80,84.28,83.77,84.73,83.08,79.67,72.62,63.13,28.87,11.95,2.89,HM,2021,,,,,,,,,,,,,,,,,,,,,,,,,,,,,,,,,,,,,,,,,,,,2021
Beato,45.85,70.70,73.18,78.40,75.41,73.97,71.37,62.53,42.82,17.06,3.76,1.32,HM,2021,,,,,,,,,,,,,,,,,,,,,,,,,,,,,,,,,,,,,,,,,,,,2021
Belém,50,77.63,84.49,83.57,82.79,84.28,81.65,74.95,63.67,29.30,9.73,2.89,HM,2021,,,,,,,,,,,,,,,,,,,,,,,,,,,,,,,,,,,,,,,,,,,,2021
Benfica,46.67,76.60,81.32,81.89,81.62,79.84,76.47,70.90,54.13,19.71,5.01,1.83,HM,2021,,,,,,,,,,,,,,,,,,,,,,,,,,,,,,,,,,,,,,,,,,,,2021
Campo de Ourique,50.77,77.77,80.12,80.73,80.54,83.15,77.06,72.91,55.15,22.73,7.40,2.46,HM,2021,,,,,,,,,,,,,,,,,,,,,,,,,,,,,,,,,,,,,,,,,,,,2021
Campolide,49.70,74.13,78.72,79.21,77.51,78.75,75.36,66.13,52.88,22.19,6.32,1.59,HM,2021,,,,,,,,,,,,,,,,,,,,,,,,,,,,,,,,,,,,,,,,,,,,2021
Carnide,48.85,70.26,77.55,79.31,78.44,81.12,78.62,71.63,55.45,22.19,6.21,1.11,HM,2021,,,,,,,,,,,,,,,,,,,,,,,,,,,,,,,,,,,,,,,,,,,,2021
Estrela,53.63,78.27,80.70,81.91,81.35,79.86,75.67,73.38,57.97,28.73,10.75,2.51,HM,2021,,,,,,,,,,,,,,,,,,,,,,,,,,,,,,,,,,,,,,,,,,,,2021
Lumiar,54.75,76.12,82.43,85.19,85.54,85.23,81.63,76.65,62.22,28.22,9.61,2.72,HM,2021,,,,,,,,,,,,,,,,,,,,,,,,,,,,,,,,,,,,,,,,,,,,2021
Marvila,43.28,64.35,71.27,72.19,71.48,71.32,68.70,61.63,43.38,13.74,2.80,0.71,HM,2021,,,,,,,,,,,,,,,,,,,,,,,,,,,,,,,,,,,,,,,,,,,,2021
Misericórdia,50.76,74.97,77.06,74.46,73.98,77.27,71.23,64.65,53,25.42,9.16,2.34,HM,2021,,,,,,,,,,,,,,,,,,,,,,,,,,,,,,,,,,,,,,,,,,,,2021
Olivais,46.26,72.77,78.98,80.82,81,77.86,75.69,68.25,51.11,16.51,4.93,1.19,HM,2021,,,,,,,,,,,,,,,,,,,,,,,,,,,,,,,,,,,,,,,,,,,,2021
Parque das Nações,55.38,69.89,76.54,79.90,81.30,85.30,81.38,72.48,53.66,25.74,8.81,3.47,HM,2021,,,,,,,,,,,,,,,,,,,,,,,,,,,,,,,,,,,,,,,,,,,,2021
Penha de França,50.89,73.47,76.68,77.11,77.80,78.33,73.45,70.11,49.97,18.03,4.87,1.26,HM,2021,,,,,,,,,,,,,,,,,,,,,,,,,,,,,,,,,,,,,,,,,,,,2021
Santa Clara,47.87,62.11,66.54,72.22,75.47,74.03,68.14,62.97,47.10,17.95,4.61,1.06,HM,2021,,,,,,,,,,,,,,,,,,,,,,,,,,,,,,,,,,,,,,,,,,,,2021
Santa Maria Maior,49.76,67.68,66.34,69.67,69.67,71.16,62.66,61.85,49.04,23.11,6.32,1.81,HM,2021,,,,,,,,,,,,,,,,,,,,,,,,,,,,,,,,,,,,,,,,,,,,2021
Santo António,54.57,75.71,83.51,83.70,81.64,79.73,76.89,70.22,56.14,26.34,9.36,3.44,HM,2021,,,,,,,,,,,,,,,,,,,,,,,,,,,,,,,,,,,,,,,,,,,,2021
São Domingos de Benfica,52.12,79.36,85.87,86.08,85.16,85.07,80.92,75.85,61.57,27.63,8.35,3.41,HM,2021,,,,,,,,,,,,,,,,,,,,,,,,,,,,,,,,,,,,,,,,,,,,2021
São Vicente,51.87,75.95,79.73,77.12,75.94,78.31,70.53,69.40,49.93,20.85,5.53,1.61,HM,2021,,,,,,,,,,,,,,,,,,,,,,,,,,,,,,,,,,,,,,,,,,,,2021
Algueirão-Mem Martins,55.21,76.03,80.31,80.76,81.19,82.39,79.40,72.15,50.83,15.47,3.74,1.05,HM,2021,,,,,,,,,,,,,,,,,,,,,,,,,,,,,,,,,,,,,,,,,,,,2021
Casal de Cambra,54.75,76.34,77.74,82.10,82.20,82.36,76,69.84,46.83,18.57,3.63,1.33,HM,2021,,,,,,,,,,,,,,,,,,,,,,,,,,,,,,,,,,,,,,,,,,,,2021
Colares,48.55,74.86,82.70,80.21,81.27,79.37,76.94,69.65,51.43,21.34,6.46,2.16,HM,2021,,,,,,,,,,,,,,,,,,,,,,,,,,,,,,,,,,,,,,,,,,,,2021
Rio de Mouro,56.11,75.59,80.38,82.41,81.29,82.15,80.11,70.34,50.71,18.01,4.12,1.08,HM,2021,,,,,,,,,,,,,,,,,,,,,,,,,,,,,,,,,,,,,,,,,,,,2021
União das freguesias de Agualva e Mira-Sintra,51.07,73.91,78.49,79.03,79.24,80.11,78.23,70.49,47.53,15.22,3.13,0.94,HM,2021,,,,,,,,,,,,,,,,,,,,,,,,,,,,,,,,,,,,,,,,,,,,2021
"União das freguesias de Almargem do Bispo, Pêro Pinheiro e Montelavar",51.70,78.86,83.46,82.68,83.44,82.72,76.82,70.79,48.02,18.38,5.25,2.09,HM,2021,,,,,,,,,,,,,,,,,,,,,,,,,,,,,,,,,,,,,,,,,,,,2021
União das freguesias de Massamá e Monte Abraão,52.66,73.46,78.83,79.86,80.91,81.49,79.97,71.66,53.15,17.55,4.32,1.93,HM,2021,,,,,,,,,,,,,,,,,,,,,,,,,,,,,,,,,,,,,,,,,,,,2021
União das freguesias de Queluz e Belas,53.45,73.70,78.83,78.78,80.11,80.64,77.30,70.57,50.49,17.68,3.90,1.11,HM,2021,,,,,,,,,,,,,,,,,,,,,,,,,,,,,,,,,,,,,,,,,,,,2021
União das freguesias de São João das Lampas e Terrugem,50.86,77.26,78.92,81.51,83.08,81.78,77.62,71.02,46.39,18.02,5.09,1.02,HM,2021,,,,,,,,,,,,,,,,,,,,,,,,,,,,,,,,,,,,,,,,,,,,2021
"União das freguesias de Sintra (Santa Maria e São Miguel, São Martinho e São Pedro de Penaferrim)",51.76,71.94,77.95,80.18,79.69,80.99,79.27,71.26,53.98,21.32,5.73,1.46,HM,2021,,,,,,,,,,,,,,,,,,,,,,,,,,,,,,,,,,,,,,,,,,,,2021
União das freguesias do Cacém e São Marcos,58.60,77.40,79.97,81.39,82.91,83.05,81.11,72.28,48.78,16.72,2.32,1.29,HM,2021,,,,,,,,,,,,,,,,,,,,,,,,,,,,,,,,,,,,,,,,,,,,2021
Costa da Caparica,51.16,75.53,80.73,80.80,78.57,78.36,77.28,70.38,51.69,18.97,8.07,4.10,H,2021,,,,,,,,,,,,,,,,,,,,,,,,,,,,,,,,,,,,,,,,,,,,
"União das freguesias de Almada, Cova da Piedade, Pragal e Cacilhas",48.69,73.27,80.04,83.30,80.69,81.18,77.06,69.81,50,19.56,6.33,2.22,H,2021,,,,,,,,,,,,,,,,,,,,,,,,,,,,,,,,,,,,,,,,,,,,
União das freguesias de Caparica e Trafaria,47.64,68.39,72.35,75.96,76.53,76.86,69.66,64.97,46.02,16.43,5.48,2.02,H,2021,,,,,,,,,,,,,,,,,,,,,,,,,,,,,,,,,,,,,,,,,,,,
União das freguesias de Charneca de Caparica e Sobreda,54.15,72.61,84.23,84.97,87.24,85.89,83.50,74.28,49.29,20.93,6.31,1.38,H,2021,,,,,,,,,,,,,,,,,,,,,,,,,,,,,,,,,,,,,,,,,,,,
União das freguesias de Laranjeiro e Feijó,50.42,71.87,79.75,80.31,81.64,80.99,79.14,66.29,46.17,16.17,5.14,1.71,H,2021,,,,,,,,,,,,,,,,,,,,,,,,,,,,,,,,,,,,,,,,,,,,
Alcabideche,51.71,62.13,71.91,80.36,83.20,80.83,79.13,71.07,53.04,24.62,8.56,3.22,H,2021,,,,,,,,,,,,,,,,,,,,,,,,,,,,,,,,,,,,,,,,,,,,
São Domingos de Rana,55.50,73.56,80.93,85.61,86.82,86.55,81.70,74.87,53.28,21.05,5.61,2.23,H,2021,,,,,,,,,,,,,,,,,,,,,,,,,,,,,,,,,,,,,,,,,,,,
União das freguesias de Carcavelos e Parede,52.24,72.85,83.05,83.62,84.08,84.41,80.90,75.63,54.82,26.17,8.19,3.15,H,2021,,,,,,,,,,,,,,,,,,,,,,,,,,,,,,,,,,,,,,,,,,,,
União das freguesias de Cascais e Estoril,49.81,68.75,78.88,80.15,80.75,79.52,77.58,71.97,55.14,27.73,11.63,5.15,H,2021,,,,,,,,,,,,,,,,,,,,,,,,,,,,,,,,,,,,,,,,,,,,
Ajuda,47.95,69.80,83.26,76.66,78.71,72.97,72.35,65.87,45.19,17.57,4,1.79,H,2021,,,,,,,,,,,,,,,,,,,,,,,,,,,,,,,,,,,,,,,,,,,,
Alcântara,54.20,77.01,81.84,83.18,77.46,78.63,73.10,71.94,50.34,23.36,8.86,3.50,H,2021,,,,,,,,,,,,,,,,,,,,,,,,,,,,,,,,,,,,,,,,,,,,
Alvalade,56.28,77.37,86.29,86.24,86.49,86.82,81.88,73.48,53.32,29.97,14.45,4.85,H,2021,,,,,,,,,,,,,,,,,,,,,,,,,,,,,,,,,,,,,,,,,,,,
Areeiro,55.93,77.10,80.48,82.17,85.13,85.87,80.66,72.74,62.93,32.82,13.14,5.78,H,2021,,,,,,,,,,,,,,,,,,,,,,,,,,,,,,,,,,,,,,,,,,,,
Arroios,59.52,73.87,79.28,79.54,79.62,79.47,74.84,68.09,56.08,27.37,9.95,4.05,H,2021,,,,,,,,,,,,,,,,,,,,,,,,,,,,,,,,,,,,,,,,,,,,
Avenidas Novas,58.20,76.97,85.68,86.15,85.77,85.34,82.37,75.89,65.18,37.19,18.18,6.01,H,2021,,,,,,,,,,,,,,,,,,,,,,,,,,,,,,,,,,,,,,,,,,,,
Beato,49.68,73.03,75.76,79.49,78.10,71.46,71.22,61.26,45.32,19.16,6.29,2.54,H,2021,,,,,,,,,,,,,,,,,,,,,,,,,,,,,,,,,,,,,,,,,,,,
Belém,53.82,76.45,85.89,86.32,84.39,87.63,83.53,79.88,65.73,36.48,15.90,5.22,H,2021,,,,,,,,,,,,,,,,,,,,,,,,,,,,,,,,,,,,,,,,,,,,
Benfica,49.89,73.95,80.27,82.71,82.37,80.48,76.25,72.16,53.88,22.04,7.31,3.28,H,2021,,,,,,,,,,,,,,,,,,,,,,,,,,,,,,,,,,,,,,,,,,,,
Campo de Ourique,55.23,76.71,81.87,85.33,82.42,83.71,80.14,72.42,54.89,27.35,12.12,5.73,H,2021,,,,,,,,,,,,,,,,,,,,,,,,,,,,,,,,,,,,,,,,,,,,
Campolide,53.07,73.75,78.77,77.53,78.32,78.86,72.84,64.45,51,22.25,11.84,2.89,H,2021,,,,,,,,,,,,,,,,,,,,,,,,,,,,,,,,,,,,,,,,,,,,
Carnide,51,69.23,77.87,79.30,77.06,83.03,79.83,72.38,54.94,26.25,8.75,2.33,H,2021,,,,,,,,,,,,,,,,,,,,,,,,,,,,,,,,,,,,,,,,,,,,
Estrela,58.53,78.06,83.72,84.64,83.46,83.55,77.92,76.15,59.55,32.76,16.50,5.09,H,2021,,,,,,,,,,,,,,,,,,,,,,,,,,,,,,,,,,,,,,,,,,,,
Lumiar,57.18,75.21,84.41,86.25,87.13,87.38,82.89,78.59,64,34.18,14.72,4.70,H,2021,,,,,,,,,,,,,,,,,,,,,,,,,,,,,,,,,,,,,,,,,,,,
Marvila,45.81,64.81,72.04,74.29,72.80,74.15,68.63,62.60,42.78,14.48,3.40,1.13,H,2021,,,,,,,,,,,,,,,,,,,,,,,,,,,,,,,,,,,,,,,,,,,,
Misericórdia,55.28,75.06,78.03,77.25,75.12,78,71.55,63.27,50.69,27.20,13.88,4.10,H,2021,,,,,,,,,,,,,,,,,,,,,,,,,,,,,,,,,,,,,,,,,,,,
Olivais,49.48,70.75,80.02,82.14,83.33,78.50,75.60,68.12,48.99,18.57,7.85,2.34,H,2021,,,,,,,,,,,,,,,,,,,,,,,,,,,,,,,,,,,,,,,,,,,,
Parque das Nações,57.80,70.52,80.12,82.11,84.99,87.35,83.75,76.50,55.65,29.94,13.32,6.87,H,2021,,,,,,,,,,,,,,,,,,,,,,,,,,,,,,,,,,,,,,,,,,,,
Penha de França,55.16,73.83,78.37,78.45,76.87,79.86,72.44,68.92,47.45,20.44,7.57,2.73,H,2021,,,,,,,,,,,,,,,,,,,,,,,,,,,,,,,,,,,,,,,,,,,,
Santa Clara,50.47,65.47,68.15,75.16,76.64,75.68,70.10,64.40,46.93,18.11,5.76,2.15,H,2021,,,,,,,,,,,,,,,,,,,,,,,,,,,,,,,,,,,,,,,,,,,,
Santa Maria Maior,55.99,69.59,67.35,72.66,67.07,72.24,61.69,63.27,50,26.58,11.22,4.35,H,2021,,,,,,,,,,,,,,,,,,,,,,,,,,,,,,,,,,,,,,,,,,,,
Santo António,59.35,76.89,83.60,85.15,81.94,80.10,79.32,74.70,58.93,27.53,10.70,6.47,H,2021,,,,,,,,,,,,,,,,,,,,,,,,,,,,,,,,,,,,,,,,,,,,
São Domingos de Benfica,55.54,77.67,83.60,87.59,87.53,85.03,82.43,75.67,62.99,34.12,14.63,6.37,H,2021,,,,,,,,,,,,,,,,,,,,,,,,,,,,,,,,,,,,,,,,,,,,
São Vicente,55.62,77.37,80.53,75.85,76.75,75.31,69.61,71.77,44.90,22.04,8.17,3.18,H,2021,,,,,,,,,,,,,,,,,,,,,,,,,,,,,,,,,,,,,,,,,,,,
Algueirão-Mem Martins,58.05,76.15,83.11,85.05,82.76,85.34,81.94,74.13,53.45,17.62,5.12,1.84,H,2021,,,,,,,,,,,,,,,,,,,,,,,,,,,,,,,,,,,,,,,,,,,,
Casal de Cambra,57.59,77.57,79.41,84.95,86.73,88,79.65,72.93,49.19,22.42,5.02,1.81,H,2021,,,,,,,,,,,,,,,,,,,,,,,,,,,,,,,,,,,,,,,,,,,,
Colares,52.75,73.86,84.94,85.59,82.46,81.43,81.05,72.20,56.55,25.91,8.68,3.88,H,2021,,,,,,,,,,,,,,,,,,,,,,,,,,,,,,,,,,,,,,,,,,,,
Rio de Mouro,59.39,77.11,84.72,86.90,85.37,86.08,84.49,73.16,52.09,21.38,5.82,1.77,H,2021,,,,,,,,,,,,,,,,,,,,,,,,,,,,,,,,,,,,,,,,,,,,
União das freguesias de Agualva e Mira-Sintra,54.08,75.65,82.49,82,83.11,82.77,81.77,71.79,48.72,17.66,5.45,1.19,H,2021,,,,,,,,,,,,,,,,,,,,,,,,,,,,,,,,,,,,,,,,,,,,
"União das freguesias de Almargem do Bispo, Pêro Pinheiro e Montelavar",55.90,80.09,85.15,85.61,88.08,83.64,81.52,77.80,53.51,20.34,6.94,3.77,H,2021,,,,,,,,,,,,,,,,,,,,,,,,,,,,,,,,,,,,,,,,,,,,
União das freguesias de Massamá e Monte Abraão,55.33,72.52,80.91,84.49,84.27,84.72,82.91,74.91,54.65,21.24,6.42,3.52,H,2021,,,,,,,,,,,,,,,,,,,,,,,,,,,,,,,,,,,,,,,,,,,,
União das freguesias de Queluz e Belas,56.54,75.89,81.54,80.64,81.08,82.44,79.84,74.33,51.23,20.30,6.24,1.74,H,2021,,,,,,,,,,,,,,,,,,,,,,,,,,,,,,,,,,,,,,,,,,,,
União das freguesias de São João das Lampas e Terrugem,54.88,77.37,82.63,85.07,87.54,84.44,82.86,76.79,49.56,22.22,7.27,1.57,H,2021,,,,,,,,,,,,,,,,,,,,,,,,,,,,,,,,,,,,,,,,,,,,
"União das freguesias de Sintra (Santa Maria e São Miguel, São Martinho e São Pedro de Penaferrim)",54.41,67.87,76.43,80.28,80.36,83.73,83.48,76.10,56.70,25.94,8.23,2.50,H,2021,,,,,,,,,,,,,,,,,,,,,,,,,,,,,,,,,,,,,,,,,,,,
União das freguesias do Cacém e São Marcos,61.92,78.72,84.97,86.31,86.03,86.95,85.90,75.35,50.29,19.56,3.73,1.97,H,2021,,,,,,,,,,,,,,,,,,,,,,,,,,,,,,,,,,,,,,,,,,,,
Costa da Caparica,44.32,71.21,73.67,73.40,74.21,73.73,69.54,61.09,42.42,13.71,2.51,0.74,M,2021,,,,,,,,,,,,,,,,,,,,,,,,,,,,,,,,,,,,,,,,,,,,
"União das freguesias de Almada, Cova da Piedade, Pragal e Cacilhas",43.08,70.99,76.39,76,78.26,80.38,76.99,70.50,50.40,13.91,2.68,0.47,M,2021,,,,,,,,,,,,,,,,,,,,,,,,,,,,,,,,,,,,,,,,,,,,
União das freguesias de Caparica e Trafaria,42.93,63.71,66.26,68.98,71.51,72.76,68.99,60.60,46.23,14.75,2.19,0.56,M,2021,,,,,,,,,,,,,,,,,,,,,,,,,,,,,,,,,,,,,,,,,,,,
União das freguesias de Charneca de Caparica e Sobreda,50.58,74.86,80.34,83.27,81.76,82.04,76.86,70.88,49.30,14.62,2.41,0.46,M,2021,,,,,,,,,,,,,,,,,,,,,,,,,,,,,,,,,,,,,,,,,,,,
União das freguesias de Laranjeiro e Feijó,46.06,69.45,73.41,74.15,75.24,76.33,73.10,66.32,48.85,15.21,2,0.72,M,2021,,,,,,,,,,,,,,,,,,,,,,,,,,,,,,,,,,,,,,,,,,,,
Alcabideche,47.64,71.17,73.11,74.64,77.76,76.78,73.64,67.63,48.99,16.91,3.04,0.74,M,2021,,,,,,,,,,,,,,,,,,,,,,,,,,,,,,,,,,,,,,,,,,,,
São Domingos de Rana,50.96,72.97,78.77,81.01,81.77,80.62,75.37,69.41,48.34,13.47,2.40,0.33,M,2021,,,,,,,,,,,,,,,,,,,,,,,,,,,,,,,,,,,,,,,,,,,,
União das freguesias de Carcavelos e Parede,46.55,75.30,81.04,78.94,79.40,79.70,76.54,71.18,54.56,17.22,2.94,0.81,M,2021,,,,,,,,,,,,,,,,,,,,,,,,,,,,,,,,,,,,,,,,,,,,
União das freguesias de Cascais e Estoril,42.03,70.91,73.28,71.79,71.56,72.60,69.11,60.64,49.30,18,4.75,1.09,M,2021,,,,,,,,,,,,,,,,,,,,,,,,,,,,,,,,,,,,,,,,,,,,
Ajuda,43.35,74.29,76.37,75.17,78.28,77.69,71.56,66.46,50.22,17.24,2.57,0.54,M,2021,,,,,,,,,,,,,,,,,,,,,,,,,,,,,,,,,,,,,,,,,,,,
Alcântara,48.10,76.34,78.18,77.41,81.40,79.06,77.54,69,54.68,22.17,3.60,1.05,M,2021,,,,,,,,,,,,,,,,,,,,,,,,,,,,,,,,,,,,,,,,,,,,
Alvalade,48.96,82.72,84.01,84.84,86.09,84.51,80.69,72.21,59.63,23.32,6.40,0.78,M,2021,,,,,,,,,,,,,,,,,,,,,,,,,,,,,,,,,,,,,,,,,,,,
Areeiro,49.62,78.79,80.86,82.53,83.69,80.60,77.76,76.68,60.90,27.29,6.28,1,M,2021,,,,,,,,,,,,,,,,,,,,,,,,,,,,,,,,,,,,,,,,,,,,
Arroios,51.20,74.30,77.24,78.37,77.64,77.07,77.34,69.64,58.62,24.28,4.38,1.36,M,2021,,,,,,,,,,,,,,,,,,,,,,,,,,,,,,,,,,,,,,,,,,,,
Avenidas Novas,49.19,78.60,82.90,81.57,83.75,80.94,77.44,69.66,61.60,22.50,7.21,1.37,M,2021,,,,,,,,,,,,,,,,,,,,,,,,,,,,,,,,,,,,,,,,,,,,
Beato,42.45,68.34,70.40,77.33,72.36,76.37,71.50,63.78,40.63,15.34,2.08,0.63,M,2021,,,,,,,,,,,,,,,,,,,,,,,,,,,,,,,,,,,,,,,,,,,,
Belém,46.86,78.68,83.18,81.24,81.43,81.36,80.13,70.52,62.01,24.37,5.08,1.48,M,2021,,,,,,,,,,,,,,,,,,,,,,,,,,,,,,,,,,,,,,,,,,,,
Benfica,44.17,78.85,82.38,81.03,80.98,79.28,76.66,69.85,54.29,18.15,3.58,0.99,M,2021,,,,,,,,,,,,,,,,,,,,,,,,,,,,,,,,,,,,,,,,,,,,
Campo de Ourique,47.37,78.69,78.55,76.76,78.87,82.66,74.58,73.31,55.34,19.63,4.16,0.92,M,2021,,,,,,,,,,,,,,,,,,,,,,,,,,,,,,,,,,,,,,,,,,,,
Campolide,46.75,74.55,78.66,81.08,76.66,78.64,77.78,67.52,54.51,22.15,2.76,0.91,M,2021,,,,,,,,,,,,,,,,,,,,,,,,,,,,,,,,,,,,,,,,,,,,
Carnide,47.06,71.21,77.24,79.32,79.71,79.44,77.56,71.03,55.85,19.14,4.12,0.40,M,2021,,,,,,,,,,,,,,,,,,,,,,,,,,,,,,,,,,,,,,,,,,,,
Estrela,49.54,78.46,77.81,79.32,79.28,76.70,73.65,70.82,56.62,25.80,6.62,1.21,M,2021,,,,,,,,,,,,,,,,,,,,,,,,,,,,,,,,,,,,,,,,,,,,
Lumiar,52.72,76.99,80.50,84.22,84.13,83.42,80.64,75.07,60.95,23.95,5.62,1.44,M,2021,,,,,,,,,,,,,,,,,,,,,,,,,,,,,,,,,,,,,,,,,,,,
Marvila,41.12,63.87,70.53,70.15,70.22,68.57,68.76,60.81,43.83,13.15,2.30,0.48,M,2021,,,,,,,,,,,,,,,,,,,,,,,,,,,,,,,,,,,,,,,,,,,,
Misericórdia,46.37,74.84,75.85,71.18,72.62,76.36,70.89,65.93,55.13,23.86,5.80,1.41,M,2021,,,,,,,,,,,,,,,,,,,,,,,,,,,,,,,,,,,,,,,,,,,,
Olivais,43.56,74.84,77.94,79.46,78.96,77.29,75.77,68.37,53.07,14.64,2.98,0.55,M,2021,,,,,,,,,,,,,,,,,,,,,,,,,,,,,,,,,,,,,,,,,,,,
Parque das Nações,53.17,69.32,73.62,77.94,78.23,83.32,79.17,68.71,51.75,21.99,4.97,1.20,M,2021,,,,,,,,,,,,,,,,,,,,,,,,,,,,,,,,,,,,,,,,,,,,
Penha de França,47.23,73.11,74.84,75.70,78.73,76.83,74.39,71.03,51.95,16.30,3.03,0.53,M,2021,,,,,,,,,,,,,,,,,,,,,,,,,,,,,,,,,,,,,,,,,,,,
Santa Clara,45.70,59.14,65.07,69.65,74.44,72.60,66.42,61.89,47.23,17.83,3.75,0.44,M,2021,,,,,,,,,,,,,,,,,,,,,,,,,,,,,,,,,,,,,,,,,,,,
Santa Maria Maior,41.85,64.34,64.01,63.06,74.07,69.66,63.86,60.36,48.21,19.67,2.43,0.66,M,2021,,,,,,,,,,,,,,,,,,,,,,,,,,,,,,,,,,,,,,,,,,,,
Santo António,50.29,74.47,83.41,82.10,81.31,79.37,74.73,66.22,53.78,25.40,8.15,1.94,M,2021,,,,,,,,,,,,,,,,,,,,,,,,,,,,,,,,,,,,,,,,,,,,
São Domingos de Benfica,49.38,80.96,87.97,84.67,82.98,85.10,79.72,76,60.50,23.06,4.43,1.59,M,2021,,,,,,,,,,,,,,,,,,,,,,,,,,,,,,,,,,,,,,,,,,,,
São Vicente,48.55,74.53,78.84,78.47,75.05,81.26,71.46,67.36,53.87,19.84,4.02,0.79,M,2021,,,,,,,,,,,,,,,,,,,,,,,,,,,,,,,,,,,,,,,,,,,,
Algueirão-Mem Martins,52.73,75.90,77.73,76.73,79.82,79.80,77.20,70.37,48.62,13.83,2.64,0.54,M,2021,,,,,,,,,,,,,,,,,,,,,,,,,,,,,,,,,,,,,,,,,,,,
Casal de Cambra,52.27,75.28,76.16,79.67,78.39,77,72.91,67.21,44.96,15.05,2.46,0.97,M,2021,,,,,,,,,,,,,,,,,,,,,,,,,,,,,,,,,,,,,,,,,,,,
Colares,44.83,75.88,80.57,75.10,80.08,77.57,73.47,67.11,46.12,17.65,4.71,1.03,M,2021,,,,,,,,,,,,,,,,,,,,,,,,,,,,,,,,,,,,,,,,,,,,
Rio de Mouro,53.29,74.15,76.57,78.37,77.86,78.79,76.38,67.95,49.54,15.26,2.79,0.61,M,2021,,,,,,,,,,,,,,,,,,,,,,,,,,,,,,,,,,,,,,,,,,,,
União das freguesias de Agualva e Mira-Sintra,48.55,72.25,74.95,76.43,75.97,77.90,75.35,69.41,46.54,13.41,1.37,0.77,M,2021,,,,,,,,,,,,,,,,,,,,,,,,,,,,,,,,,,,,,,,,,,,,
"União das freguesias de Almargem do Bispo, Pêro Pinheiro e Montelavar",47.73,77.51,81.74,79.82,79.06,81.80,72.20,63.65,43,16.60,3.86,0.86,M,2021,,,,,,,,,,,,,,,,,,,,,,,,,,,,,,,,,,,,,,,,,,,,
União das freguesias de Massamá e Monte Abraão,50.43,74.34,76.80,75.73,78.19,78.77,77.71,69.08,52,14.73,2.79,0.85,M,2021,,,,,,,,,,,,,,,,,,,,,,,,,,,,,,,,,,,,,,,,,,,,
União das freguesias de Queluz e Belas,50.75,71.62,76.24,77.11,79.23,78.98,75.07,67.21,49.88,15.50,2.23,0.74,M,2021,,,,,,,,,,,,,,,,,,,,,,,,,,,,,,,,,,,,,,,,,,,,
União das freguesias de São João das Lampas e Terrugem,47.21,77.14,75.63,78.11,78.62,79.39,72.50,65.69,43.25,14.23,3.14,0.65,M,2021,,,,,,,,,,,,,,,,,,,,,,,,,,,,,,,,,,,,,,,,,,,,
"União das freguesias de Sintra (Santa Maria e São Miguel, São Martinho e São Pedro de Penaferrim)",49.31,76.46,79.71,80.09,79.03,78.44,75.60,66.98,51.46,17.25,3.54,0.76,M,2021,,,,,,,,,,,,,,,,,,,,,,,,,,,,,,,,,,,,,,,,,,,,
União das freguesias do Cacém e São Marcos,55.77,76.11,75.62,77.07,80.22,79.79,77.16,69.58,47.56,14.59,1.24,0.84,M,2021,,,,,,,,,,,,,,,,,,,,,,,,,,,,,,,,,,,,,,,,,,,,
