City parish,Total,Ensino pós-secundário,Curso técnico superior profissional,Bacharelato,Licenciatura,Mestrado,Doutoramento,sexo,idade
Alcabideche,3054,57,6,80,477,98,21,total,total
São Domingos de Rana,4128,65,6,114,738,154,24,total,total
União das freguesias de Carcavelos e Parede,3073,49,1,160,910,200,57,total,total
União das freguesias de Cascais e Estoril,4308,57,4,241,997,281,60,total,total
Ajuda,1037,10,1,14,126,30,5,total,total
Alcântara,941,9,1,33,206,58,15,total,total
Alvalade,2002,18,0,89,710,199,62,total,total
Areeiro,1242,16,0,60,372,120,45,total,total
Arroios,1696,19,1,60,443,136,45,total,total
Avenidas Novas,1273,12,0,62,444,132,40,total,total
Beato,869,15,0,14,99,21,8,total,total
Belém,924,6,0,50,332,99,41,total,total
Benfica,2508,32,3,75,540,121,28,total,total
Campo de Ourique,1462,18,0,52,352,125,26,total,total
Campolide,1003,12,0,24,193,55,9,total,total
Carnide,1352,8,1,28,271,81,18,total,total
Estrela,1181,11,0,70,315,116,27,total,total
Lumiar,2858,17,0,120,957,286,85,total,total
Marvila,3248,32,3,24,207,39,16,total,total
Misericórdia,560,3,0,14,99,43,16,total,total
Olivais,2413,22,0,54,380,101,25,total,total
Parque das Nações,1358,14,1,38,368,132,34,total,total
Penha de França,1830,20,2,61,303,85,17,total,total
Santa Clara,2063,21,2,27,219,47,17,total,total
Santa Maria Maior,532,4,0,9,53,22,7,total,total
Santo António,543,5,0,30,159,54,21,total,total
São Domingos de Benfica,2027,17,1,90,682,200,50,total,total
São Vicente,855,10,0,27,129,40,11,total,total
Algueirão-Mem Martins,4853,99,6,87,618,109,19,total,total
Casal de Cambra,923,14,1,8,79,11,0,total,total
Colares,440,4,0,19,70,21,4,total,total
Rio de Mouro,3623,88,7,77,451,78,13,total,total
União das freguesias de Agualva e Mira-Sintra,3404,57,3,51,328,41,4,total,total
"União das freguesias de Almargem do Bispo, Pêro Pinheiro e Montelavar",992,20,1,11,77,16,5,total,total
União das freguesias de Massamá e Monte Abraão,3533,58,4,106,587,84,20,total,total
União das freguesias de Queluz e Belas,3805,70,3,72,500,104,12,total,total
União das freguesias de São João das Lampas e Terrugem,992,17,0,24,126,23,4,total,total
"União das freguesias de Sintra (Santa Maria e São Miguel, São Martinho e São Pedro de Penaferrim)",1671,24,1,69,355,94,13,total,total
União das freguesias do Cacém e São Marcos,3036,68,3,42,345,33,7,total,total
Costa da Caparica,998,13,0,23,184,39,10,total,total
"União das freguesias de Almada, Cova da Piedade, Pragal e Cacilhas",3466,50,1,93,610,126,26,total,total
União das freguesias de Caparica e Trafaria,2383,19,4,24,203,41,1,total,total
União das freguesias de Charneca de Caparica e Sobreda,2756,40,2,93,633,136,24,total,total
União das freguesias de Laranjeiro e Feijó,3089,43,3,47,361,47,7,total,total
Alcabideche,101,5,3,0,7,1,0,total,25 - 29 anos
São Domingos de Rana,136,4,2,0,10,2,0,total,25 - 29 anos
União das freguesias de Carcavelos e Parede,48,1,0,0,6,2,0,total,25 - 29 anos
União das freguesias de Cascais e Estoril,87,4,0,0,14,4,0,total,25 - 29 anos
Ajuda,51,0,0,0,6,0,0,total,25 - 29 anos
Alcântara,24,0,1,0,2,0,0,total,25 - 29 anos
Alvalade,24,0,0,0,4,1,0,total,25 - 29 anos
Areeiro,24,2,0,0,0,3,0,total,25 - 29 anos
Arroios,35,2,0,0,3,1,0,total,25 - 29 anos
Avenidas Novas,16,0,0,0,5,0,0,total,25 - 29 anos
Beato,37,0,0,0,1,0,0,total,25 - 29 anos
Belém,11,0,0,0,3,0,0,total,25 - 29 anos
Benfica,88,3,0,0,8,1,0,total,25 - 29 anos
Campo de Ourique,42,0,0,0,3,0,0,total,25 - 29 anos
Campolide,29,2,0,0,2,2,0,total,25 - 29 anos
Carnide,71,0,1,0,2,0,0,total,25 - 29 anos
Estrela,24,0,0,0,2,1,0,total,25 - 29 anos
Lumiar,83,2,0,0,5,3,0,total,25 - 29 anos
Marvila,178,6,1,0,9,1,0,total,25 - 29 anos
Misericórdia,15,0,0,0,1,2,0,total,25 - 29 anos
Olivais,87,0,0,0,8,0,1,total,25 - 29 anos
Parque das Nações,40,1,0,0,2,0,0,total,25 - 29 anos
Penha de França,53,0,0,0,3,0,0,total,25 - 29 anos
Santa Clara,144,4,1,0,2,1,0,total,25 - 29 anos
Santa Maria Maior,23,0,0,0,0,1,0,total,25 - 29 anos
Santo António,14,1,0,0,2,0,0,total,25 - 29 anos
São Domingos de Benfica,20,1,0,0,3,1,0,total,25 - 29 anos
São Vicente,15,0,0,0,1,0,0,total,25 - 29 anos
Algueirão-Mem Martins,212,9,1,0,11,5,2,total,25 - 29 anos
Casal de Cambra,61,3,1,0,6,0,0,total,25 - 29 anos
Colares,12,0,0,0,0,0,0,total,25 - 29 anos
Rio de Mouro,194,8,3,0,14,4,0,total,25 - 29 anos
União das freguesias de Agualva e Mira-Sintra,190,4,0,0,11,1,0,total,25 - 29 anos
"União das freguesias de Almargem do Bispo, Pêro Pinheiro e Montelavar",36,2,0,0,2,0,0,total,25 - 29 anos
União das freguesias de Massamá e Monte Abraão,161,6,0,0,14,3,0,total,25 - 29 anos
União das freguesias de Queluz e Belas,198,9,1,0,11,5,0,total,25 - 29 anos
União das freguesias de São João das Lampas e Terrugem,27,1,0,0,2,0,0,total,25 - 29 anos
"União das freguesias de Sintra (Santa Maria e São Miguel, São Martinho e São Pedro de Penaferrim)",41,1,1,0,6,0,0,total,25 - 29 anos
União das freguesias do Cacém e São Marcos,142,10,1,0,11,2,0,total,25 - 29 anos
Costa da Caparica,34,1,0,0,1,2,0,total,25 - 29 anos
"União das freguesias de Almada, Cova da Piedade, Pragal e Cacilhas",129,7,1,0,7,1,0,total,25 - 29 anos
União das freguesias de Caparica e Trafaria,156,0,0,0,6,0,0,total,25 - 29 anos
União das freguesias de Charneca de Caparica e Sobreda,79,1,0,0,9,2,0,total,25 - 29 anos
União das freguesias de Laranjeiro e Feijó,155,6,0,0,11,0,0,total,25 - 29 anos
Alcabideche,172,4,0,0,20,7,1,total,30 - 34 anos
São Domingos de Rana,223,9,2,1,28,13,0,total,30 - 34 anos
União das freguesias de Carcavelos e Parede,104,2,1,0,21,5,1,total,30 - 34 anos
União das freguesias de Cascais e Estoril,166,5,1,2,32,14,0,total,30 - 34 anos
Ajuda,75,4,0,0,5,2,0,total,30 - 34 anos
Alcântara,57,2,0,0,12,7,0,total,30 - 34 anos
Alvalade,52,1,0,0,11,10,1,total,30 - 34 anos
Areeiro,42,0,0,1,5,8,0,total,30 - 34 anos
Arroios,63,3,1,2,12,6,1,total,30 - 34 anos
Avenidas Novas,36,1,0,0,11,8,0,total,30 - 34 anos
Beato,53,0,0,0,0,1,1,total,30 - 34 anos
Belém,29,0,0,0,6,12,0,total,30 - 34 anos
Benfica,128,1,1,0,13,5,1,total,30 - 34 anos
Campo de Ourique,61,2,0,0,10,7,1,total,30 - 34 anos
Campolide,56,2,0,0,9,2,0,total,30 - 34 anos
Carnide,80,0,0,0,3,2,0,total,30 - 34 anos
Estrela,53,1,0,1,7,7,0,total,30 - 34 anos
Lumiar,114,1,0,0,14,11,0,total,30 - 34 anos
Marvila,231,4,0,0,11,5,0,total,30 - 34 anos
Misericórdia,22,0,0,0,3,1,0,total,30 - 34 anos
Olivais,114,6,0,0,9,5,1,total,30 - 34 anos
Parque das Nações,71,2,1,1,5,4,0,total,30 - 34 anos
Penha de França,92,3,1,0,8,7,1,total,30 - 34 anos
Santa Clara,170,7,0,0,13,3,0,total,30 - 34 anos
Santa Maria Maior,31,1,0,0,2,1,0,total,30 - 34 anos
Santo António,18,1,0,0,5,2,0,total,30 - 34 anos
São Domingos de Benfica,59,1,1,0,13,12,1,total,30 - 34 anos
São Vicente,41,1,0,0,6,2,0,total,30 - 34 anos
Algueirão-Mem Martins,351,11,0,1,45,8,0,total,30 - 34 anos
Casal de Cambra,72,3,0,0,6,1,0,total,30 - 34 anos
Colares,25,1,0,0,5,2,0,total,30 - 34 anos
Rio de Mouro,302,13,2,0,50,7,0,total,30 - 34 anos
União das freguesias de Agualva e Mira-Sintra,310,13,0,0,39,4,0,total,30 - 34 anos
"União das freguesias de Almargem do Bispo, Pêro Pinheiro e Montelavar",82,2,0,0,10,0,0,total,30 - 34 anos
União das freguesias de Massamá e Monte Abraão,213,6,1,0,32,4,1,total,30 - 34 anos
União das freguesias de Queluz e Belas,284,10,1,0,44,7,0,total,30 - 34 anos
União das freguesias de São João das Lampas e Terrugem,61,4,0,0,10,2,0,total,30 - 34 anos
"União das freguesias de Sintra (Santa Maria e São Miguel, São Martinho e São Pedro de Penaferrim)",75,7,0,0,9,5,0,total,30 - 34 anos
União das freguesias do Cacém e São Marcos,292,8,1,1,40,6,0,total,30 - 34 anos
Costa da Caparica,67,1,0,0,11,8,0,total,30 - 34 anos
"União das freguesias de Almada, Cova da Piedade, Pragal e Cacilhas",151,6,0,0,20,11,0,total,30 - 34 anos
União das freguesias de Caparica e Trafaria,199,2,1,0,13,6,0,total,30 - 34 anos
União das freguesias de Charneca de Caparica e Sobreda,139,4,1,1,28,7,1,total,30 - 34 anos
União das freguesias de Laranjeiro e Feijó,212,8,1,0,19,2,0,total,30 - 34 anos
Alcabideche,261,10,3,2,34,19,0,total,35 - 39 anos
São Domingos de Rana,364,11,1,4,74,17,3,total,35 - 39 anos
União das freguesias de Carcavelos e Parede,177,8,0,7,51,17,1,total,35 - 39 anos
União das freguesias de Cascais e Estoril,265,5,1,12,67,23,2,total,35 - 39 anos
Ajuda,69,1,1,0,8,2,0,total,35 - 39 anos
Alcântara,99,0,0,4,23,9,0,total,35 - 39 anos
Alvalade,113,0,0,2,48,24,2,total,35 - 39 anos
Areeiro,69,4,0,1,14,9,3,total,35 - 39 anos
Arroios,101,2,0,4,32,12,3,total,35 - 39 anos
Avenidas Novas,66,2,0,0,21,13,2,total,35 - 39 anos
Beato,72,4,0,0,6,3,0,total,35 - 39 anos
Belém,56,2,0,1,20,12,1,total,35 - 39 anos
Benfica,174,5,1,4,37,10,1,total,35 - 39 anos
Campo de Ourique,113,0,0,1,22,13,4,total,35 - 39 anos
Campolide,73,1,0,3,18,7,0,total,35 - 39 anos
Carnide,110,2,0,2,22,3,1,total,35 - 39 anos
Estrela,76,1,0,2,23,12,0,total,35 - 39 anos
Lumiar,193,4,0,3,49,23,4,total,35 - 39 anos
Marvila,312,7,1,1,26,12,1,total,35 - 39 anos
Misericórdia,41,2,0,1,9,2,0,total,35 - 39 anos
Olivais,156,1,0,1,23,12,0,total,35 - 39 anos
Parque das Nações,100,3,0,4,22,11,0,total,35 - 39 anos
Penha de França,150,4,1,5,22,13,2,total,35 - 39 anos
Santa Clara,227,1,0,0,27,6,0,total,35 - 39 anos
Santa Maria Maior,43,3,0,1,6,3,0,total,35 - 39 anos
Santo António,34,0,0,0,7,8,0,total,35 - 39 anos
São Domingos de Benfica,123,4,0,4,43,26,2,total,35 - 39 anos
São Vicente,86,1,0,1,10,7,2,total,35 - 39 anos
Algueirão-Mem Martins,496,21,4,4,69,21,2,total,35 - 39 anos
Casal de Cambra,122,3,0,2,13,0,0,total,35 - 39 anos
Colares,43,0,0,2,6,4,0,total,35 - 39 anos
Rio de Mouro,368,15,1,8,53,14,0,total,35 - 39 anos
União das freguesias de Agualva e Mira-Sintra,339,8,1,9,46,6,0,total,35 - 39 anos
"União das freguesias de Almargem do Bispo, Pêro Pinheiro e Montelavar",96,3,1,2,12,0,0,total,35 - 39 anos
União das freguesias de Massamá e Monte Abraão,318,5,0,5,66,13,3,total,35 - 39 anos
União das freguesias de Queluz e Belas,404,19,1,3,56,21,1,total,35 - 39 anos
União das freguesias de São João das Lampas e Terrugem,101,1,0,1,14,4,1,total,35 - 39 anos
"União das freguesias de Sintra (Santa Maria e São Miguel, São Martinho e São Pedro de Penaferrim)",140,1,0,1,34,12,1,total,35 - 39 anos
União das freguesias do Cacém e São Marcos,284,5,0,2,47,3,1,total,35 - 39 anos
Costa da Caparica,88,2,0,1,20,5,1,total,35 - 39 anos
"União das freguesias de Almada, Cova da Piedade, Pragal e Cacilhas",268,5,0,7,64,17,0,total,35 - 39 anos
União das freguesias de Caparica e Trafaria,264,3,2,4,28,7,0,total,35 - 39 anos
União das freguesias de Charneca de Caparica e Sobreda,238,9,0,3,63,20,2,total,35 - 39 anos
União das freguesias de Laranjeiro e Feijó,283,7,1,2,38,9,1,total,35 - 39 anos
Alcabideche,391,14,0,11,103,20,4,total,40 - 44 anos
São Domingos de Rana,556,15,0,17,167,41,5,total,40 - 44 anos
União das freguesias de Carcavelos e Parede,360,12,0,13,152,41,6,total,40 - 44 anos
União das freguesias de Cascais e Estoril,500,15,2,20,173,53,2,total,40 - 44 anos
Ajuda,126,3,0,2,32,10,1,total,40 - 44 anos
Alcântara,121,2,0,7,36,17,2,total,40 - 44 anos
Alvalade,190,2,0,2,99,28,3,total,40 - 44 anos
Areeiro,113,6,0,3,38,12,5,total,40 - 44 anos
Arroios,174,3,0,6,66,20,8,total,40 - 44 anos
Avenidas Novas,133,4,0,6,51,24,8,total,40 - 44 anos
Beato,99,5,0,0,19,2,1,total,40 - 44 anos
Belém,95,1,0,3,42,19,5,total,40 - 44 anos
Benfica,272,8,1,7,86,23,3,total,40 - 44 anos
Campo de Ourique,185,5,0,2,60,22,3,total,40 - 44 anos
Campolide,100,1,0,1,25,6,1,total,40 - 44 anos
Carnide,124,1,0,3,33,12,1,total,40 - 44 anos
Estrela,118,6,0,2,44,12,1,total,40 - 44 anos
Lumiar,308,4,0,5,136,36,9,total,40 - 44 anos
Marvila,369,7,0,6,38,7,5,total,40 - 44 anos
Misericórdia,59,0,0,2,8,6,3,total,40 - 44 anos
Olivais,229,6,0,6,49,22,3,total,40 - 44 anos
Parque das Nações,207,3,0,1,78,19,6,total,40 - 44 anos
Penha de França,210,3,0,1,47,21,5,total,40 - 44 anos
Santa Clara,272,1,1,4,58,8,3,total,40 - 44 anos
Santa Maria Maior,44,0,0,3,3,3,3,total,40 - 44 anos
Santo António,65,2,0,1,23,17,4,total,40 - 44 anos
São Domingos de Benfica,228,1,0,7,91,33,9,total,40 - 44 anos
São Vicente,112,3,0,4,20,11,4,total,40 - 44 anos
Algueirão-Mem Martins,625,16,1,7,133,19,3,total,40 - 44 anos
Casal de Cambra,130,1,0,3,19,2,0,total,40 - 44 anos
Colares,41,0,0,1,9,2,0,total,40 - 44 anos
Rio de Mouro,511,16,1,8,86,15,2,total,40 - 44 anos
União das freguesias de Agualva e Mira-Sintra,413,11,0,3,58,7,0,total,40 - 44 anos
"União das freguesias de Almargem do Bispo, Pêro Pinheiro e Montelavar",119,2,0,0,13,5,1,total,40 - 44 anos
União das freguesias de Massamá e Monte Abraão,419,13,1,12,100,14,3,total,40 - 44 anos
União das freguesias de Queluz e Belas,508,8,0,10,93,19,2,total,40 - 44 anos
União das freguesias de São João das Lampas e Terrugem,116,6,0,3,25,3,2,total,40 - 44 anos
"União das freguesias de Sintra (Santa Maria e São Miguel, São Martinho e São Pedro de Penaferrim)",204,7,0,9,62,20,0,total,40 - 44 anos
União das freguesias do Cacém e São Marcos,391,14,1,4,58,8,0,total,40 - 44 anos
Costa da Caparica,123,3,0,4,28,4,1,total,40 - 44 anos
"União das freguesias de Almada, Cova da Piedade, Pragal e Cacilhas",418,8,0,10,93,30,3,total,40 - 44 anos
União das freguesias de Caparica e Trafaria,289,4,1,2,37,6,0,total,40 - 44 anos
União das freguesias de Charneca de Caparica e Sobreda,382,8,1,18,129,30,3,total,40 - 44 anos
União das freguesias de Laranjeiro e Feijó,376,7,0,8,63,7,1,total,40 - 44 anos
Alcabideche,476,18,0,14,114,17,2,total,45 - 49 anos
São Domingos de Rana,703,19,0,25,190,30,0,total,45 - 49 anos
União das freguesias de Carcavelos e Parede,524,8,0,29,229,43,8,total,45 - 49 anos
União das freguesias de Cascais e Estoril,638,10,0,38,222,51,5,total,45 - 49 anos
Ajuda,115,1,0,4,30,4,2,total,45 - 49 anos
Alcântara,123,2,0,2,44,6,2,total,45 - 49 anos
Alvalade,315,9,0,9,148,39,11,total,45 - 49 anos
Areeiro,178,2,0,7,86,23,10,total,45 - 49 anos
Arroios,250,4,0,11,99,29,5,total,45 - 49 anos
Avenidas Novas,171,1,0,2,78,23,6,total,45 - 49 anos
Beato,121,4,0,4,29,8,0,total,45 - 49 anos
Belém,134,0,0,4,70,22,6,total,45 - 49 anos
Benfica,320,9,0,11,102,28,4,total,45 - 49 anos
Campo de Ourique,212,6,0,3,82,30,6,total,45 - 49 anos
Campolide,131,3,0,5,43,13,1,total,45 - 49 anos
Carnide,180,1,0,5,62,21,3,total,45 - 49 anos
Estrela,212,2,0,16,71,37,5,total,45 - 49 anos
Lumiar,420,4,0,20,205,54,11,total,45 - 49 anos
Marvila,339,5,0,4,40,2,3,total,45 - 49 anos
Misericórdia,81,1,0,1,21,10,5,total,45 - 49 anos
Olivais,263,5,0,3,71,21,2,total,45 - 49 anos
Parque das Nações,251,3,0,9,106,39,10,total,45 - 49 anos
Penha de França,258,3,0,7,64,16,4,total,45 - 49 anos
Santa Clara,259,5,0,4,52,8,3,total,45 - 49 anos
Santa Maria Maior,52,0,0,3,9,4,0,total,45 - 49 anos
Santo António,77,0,0,4,34,11,6,total,45 - 49 anos
São Domingos de Benfica,300,6,0,10,143,38,10,total,45 - 49 anos
São Vicente,131,5,0,6,32,9,3,total,45 - 49 anos
Algueirão-Mem Martins,784,19,0,23,138,8,4,total,45 - 49 anos
Casal de Cambra,133,2,0,2,13,5,0,total,45 - 49 anos
Colares,75,2,0,4,15,7,0,total,45 - 49 anos
Rio de Mouro,530,16,0,17,93,14,3,total,45 - 49 anos
União das freguesias de Agualva e Mira-Sintra,489,13,0,12,68,10,2,total,45 - 49 anos
"União das freguesias de Almargem do Bispo, Pêro Pinheiro e Montelavar",146,6,0,3,21,7,1,total,45 - 49 anos
União das freguesias de Massamá e Monte Abraão,529,11,0,19,112,16,2,total,45 - 49 anos
União das freguesias de Queluz e Belas,534,8,0,11,97,12,2,total,45 - 49 anos
União das freguesias de São João das Lampas e Terrugem,137,2,0,5,27,7,0,total,45 - 49 anos
"União das freguesias de Sintra (Santa Maria e São Miguel, São Martinho e São Pedro de Penaferrim)",257,7,0,9,77,16,3,total,45 - 49 anos
União das freguesias do Cacém e São Marcos,518,17,0,9,83,8,0,total,45 - 49 anos
Costa da Caparica,145,4,0,4,42,9,1,total,45 - 49 anos
"União das freguesias de Almada, Cova da Piedade, Pragal e Cacilhas",497,10,0,20,141,26,6,total,45 - 49 anos
União das freguesias de Caparica e Trafaria,283,6,0,5,43,12,0,total,45 - 49 anos
União das freguesias de Charneca de Caparica e Sobreda,467,10,0,26,159,29,5,total,45 - 49 anos
União das freguesias de Laranjeiro e Feijó,458,8,0,9,84,11,2,total,45 - 49 anos
Alcabideche,424,4,0,25,84,13,2,total,50 - 54 anos
São Domingos de Rana,540,5,0,31,124,21,5,total,50 - 54 anos
União das freguesias de Carcavelos e Parede,482,12,0,25,160,49,8,total,50 - 54 anos
União das freguesias de Cascais e Estoril,610,13,0,41,171,65,17,total,50 - 54 anos
Ajuda,104,1,0,2,17,6,2,total,50 - 54 anos
Alcântara,114,2,0,6,41,5,6,total,50 - 54 anos
Alvalade,266,5,0,13,131,35,7,total,50 - 54 anos
Areeiro,162,2,0,6,64,26,9,total,50 - 54 anos
Arroios,211,5,0,4,61,24,12,total,50 - 54 anos
Avenidas Novas,189,4,0,10,87,19,7,total,50 - 54 anos
Beato,98,2,0,2,19,3,2,total,50 - 54 anos
Belém,165,3,0,15,75,15,10,total,50 - 54 anos
Benfica,314,4,0,18,97,23,7,total,50 - 54 anos
Campo de Ourique,169,3,0,18,54,20,4,total,50 - 54 anos
Campolide,145,2,0,2,33,12,1,total,50 - 54 anos
Carnide,183,2,0,6,57,21,7,total,50 - 54 anos
Estrela,186,1,0,22,64,25,3,total,50 - 54 anos
Lumiar,441,2,0,21,193,63,19,total,50 - 54 anos
Marvila,355,3,0,4,28,6,1,total,50 - 54 anos
Misericórdia,83,0,0,5,24,13,2,total,50 - 54 anos
Olivais,297,4,0,14,67,17,5,total,50 - 54 anos
Parque das Nações,216,0,0,6,79,27,6,total,50 - 54 anos
Penha de França,207,6,0,17,53,11,1,total,50 - 54 anos
Santa Clara,232,3,0,9,21,3,3,total,50 - 54 anos
Santa Maria Maior,63,0,0,1,18,4,2,total,50 - 54 anos
Santo António,74,1,0,4,30,5,6,total,50 - 54 anos
São Domingos de Benfica,289,2,0,18,123,34,8,total,50 - 54 anos
São Vicente,85,0,0,4,23,5,1,total,50 - 54 anos
Algueirão-Mem Martins,715,18,0,13,98,22,7,total,50 - 54 anos
Casal de Cambra,118,1,0,0,8,1,0,total,50 - 54 anos
Colares,58,1,0,3,11,3,1,total,50 - 54 anos
Rio de Mouro,522,18,0,21,59,12,3,total,50 - 54 anos
União das freguesias de Agualva e Mira-Sintra,442,5,0,11,47,4,0,total,50 - 54 anos
"União das freguesias de Almargem do Bispo, Pêro Pinheiro e Montelavar",120,5,0,2,9,3,2,total,50 - 54 anos
União das freguesias de Massamá e Monte Abraão,497,15,0,24,90,12,3,total,50 - 54 anos
União das freguesias de Queluz e Belas,520,13,0,16,83,17,2,total,50 - 54 anos
União das freguesias de São João das Lampas e Terrugem,132,3,0,7,21,2,0,total,50 - 54 anos
"União das freguesias de Sintra (Santa Maria e São Miguel, São Martinho e São Pedro de Penaferrim)",287,1,0,16,77,19,2,total,50 - 54 anos
União das freguesias do Cacém e São Marcos,489,13,0,7,51,2,1,total,50 - 54 anos
Costa da Caparica,126,1,0,4,29,3,3,total,50 - 54 anos
"União das freguesias de Almada, Cova da Piedade, Pragal e Cacilhas",410,8,0,9,97,14,4,total,50 - 54 anos
União das freguesias de Caparica e Trafaria,260,4,0,1,29,6,0,total,50 - 54 anos
União das freguesias de Charneca de Caparica e Sobreda,426,6,0,14,125,20,4,total,50 - 54 anos
União das freguesias de Laranjeiro e Feijó,363,6,0,9,60,8,3,total,50 - 54 anos
Alcabideche,294,1,0,5,48,9,6,total,55 - 59 anos
São Domingos de Rana,420,0,0,11,75,16,6,total,55 - 59 anos
União das freguesias de Carcavelos e Parede,380,5,0,25,132,26,18,total,55 - 59 anos
União das freguesias de Cascais e Estoril,547,4,0,60,113,37,13,total,55 - 59 anos
Ajuda,92,0,0,1,15,6,0,total,55 - 59 anos
Alcântara,97,1,0,6,24,6,2,total,55 - 59 anos
Alvalade,282,1,0,25,115,29,14,total,55 - 59 anos
Areeiro,160,0,0,12,56,21,8,total,55 - 59 anos
Arroios,198,0,0,10,72,22,4,total,55 - 59 anos
Avenidas Novas,185,0,0,14,69,28,11,total,55 - 59 anos
Beato,83,0,0,5,10,1,0,total,55 - 59 anos
Belém,110,0,0,10,49,9,4,total,55 - 59 anos
Benfica,251,1,0,5,67,16,3,total,55 - 59 anos
Campo de Ourique,186,2,0,12,62,19,3,total,55 - 59 anos
Campolide,115,0,0,1,34,5,2,total,55 - 59 anos
Carnide,143,1,0,4,37,9,3,total,55 - 59 anos
Estrela,126,0,0,7,39,14,7,total,55 - 59 anos
Lumiar,389,0,0,24,153,47,12,total,55 - 59 anos
Marvila,279,0,0,3,20,3,2,total,55 - 59 anos
Misericórdia,59,0,0,2,15,3,3,total,55 - 59 anos
Olivais,284,0,0,9,70,15,3,total,55 - 59 anos
Parque das Nações,150,2,0,7,46,21,6,total,55 - 59 anos
Penha de França,193,0,0,10,45,11,1,total,55 - 59 anos
Santa Clara,180,0,0,2,19,6,3,total,55 - 59 anos
Santa Maria Maior,55,0,0,0,8,3,2,total,55 - 59 anos
Santo António,60,0,0,6,24,3,2,total,55 - 59 anos
São Domingos de Benfica,266,2,0,18,113,25,13,total,55 - 59 anos
São Vicente,70,0,0,1,15,1,0,total,55 - 59 anos
Algueirão-Mem Martins,474,2,0,14,70,14,0,total,55 - 59 anos
Casal de Cambra,86,0,0,1,7,2,0,total,55 - 59 anos
Colares,47,0,0,3,12,2,0,total,55 - 59 anos
Rio de Mouro,358,2,0,7,45,8,2,total,55 - 59 anos
União das freguesias de Agualva e Mira-Sintra,309,1,0,4,26,7,1,total,55 - 59 anos
"União das freguesias de Almargem do Bispo, Pêro Pinheiro e Montelavar",83,0,0,2,6,0,0,total,55 - 59 anos
União das freguesias de Massamá e Monte Abraão,438,1,0,14,94,9,5,total,55 - 59 anos
União das freguesias de Queluz e Belas,397,2,0,12,46,13,0,total,55 - 59 anos
União das freguesias de São João das Lampas e Terrugem,114,0,0,4,14,4,0,total,55 - 59 anos
"União das freguesias de Sintra (Santa Maria e São Miguel, São Martinho e São Pedro de Penaferrim)",176,0,0,14,44,9,2,total,55 - 59 anos
União das freguesias do Cacém e São Marcos,290,1,0,10,33,3,2,total,55 - 59 anos
Costa da Caparica,100,0,0,2,23,3,2,total,55 - 59 anos
"União das freguesias de Almada, Cova da Piedade, Pragal e Cacilhas",382,3,0,12,92,16,3,total,55 - 59 anos
União das freguesias de Caparica e Trafaria,201,0,0,2,23,2,1,total,55 - 59 anos
União das freguesias de Charneca de Caparica e Sobreda,275,2,0,11,75,16,3,total,55 - 59 anos
União das freguesias de Laranjeiro e Feijó,292,0,0,6,38,6,0,total,55 - 59 anos
Alcabideche,244,0,0,8,38,5,3,total,60 - 64 anos
São Domingos de Rana,287,0,0,8,31,9,2,total,60 - 64 anos
União das freguesias de Carcavelos e Parede,228,0,0,18,69,9,7,total,60 - 64 anos
União das freguesias de Cascais e Estoril,351,0,0,26,92,18,5,total,60 - 64 anos
Ajuda,56,0,0,3,7,0,0,total,60 - 64 anos
Alcântara,68,0,0,3,6,6,1,total,60 - 64 anos
Alvalade,174,0,0,11,57,16,14,total,60 - 64 anos
Areeiro,108,0,0,7,44,11,5,total,60 - 64 anos
Arroios,136,0,0,7,35,13,3,total,60 - 64 anos
Avenidas Novas,118,0,0,12,49,12,2,total,60 - 64 anos
Beato,50,0,0,0,6,0,1,total,60 - 64 anos
Belém,70,0,0,4,26,6,9,total,60 - 64 anos
Benfica,179,0,0,7,44,4,5,total,60 - 64 anos
Campo de Ourique,93,0,0,5,14,8,1,total,60 - 64 anos
Campolide,83,0,0,4,12,2,4,total,60 - 64 anos
Carnide,100,0,0,5,21,9,2,total,60 - 64 anos
Estrela,87,0,0,10,29,4,4,total,60 - 64 anos
Lumiar,246,0,0,15,87,31,17,total,60 - 64 anos
Marvila,231,0,0,2,13,3,2,total,60 - 64 anos
Misericórdia,43,0,0,3,6,4,2,total,60 - 64 anos
Olivais,169,0,0,3,35,8,3,total,60 - 64 anos
Parque das Nações,86,0,0,3,10,7,3,total,60 - 64 anos
Penha de França,136,0,0,3,29,4,1,total,60 - 64 anos
Santa Clara,136,0,0,3,16,9,4,total,60 - 64 anos
Santa Maria Maior,41,0,0,0,2,1,0,total,60 - 64 anos
Santo António,49,0,0,4,19,3,1,total,60 - 64 anos
São Domingos de Benfica,191,0,0,8,62,17,4,total,60 - 64 anos
São Vicente,49,0,0,2,6,2,1,total,60 - 64 anos
Algueirão-Mem Martins,326,0,0,7,26,8,1,total,60 - 64 anos
Casal de Cambra,54,0,0,0,2,0,0,total,60 - 64 anos
Colares,28,0,0,4,3,0,0,total,60 - 64 anos
Rio de Mouro,209,0,0,8,19,2,0,total,60 - 64 anos
União das freguesias de Agualva e Mira-Sintra,191,0,0,1,15,1,1,total,60 - 64 anos
"União das freguesias de Almargem do Bispo, Pêro Pinheiro e Montelavar",55,0,0,1,3,1,1,total,60 - 64 anos
União das freguesias de Massamá e Monte Abraão,266,0,0,6,36,9,1,total,60 - 64 anos
União das freguesias de Queluz e Belas,241,0,0,4,38,9,5,total,60 - 64 anos
União das freguesias de São João das Lampas e Terrugem,66,0,0,2,7,1,1,total,60 - 64 anos
"União das freguesias de Sintra (Santa Maria e São Miguel, São Martinho e São Pedro de Penaferrim)",112,0,0,4,29,8,3,total,60 - 64 anos
União das freguesias do Cacém e São Marcos,168,0,0,4,14,0,2,total,60 - 64 anos
Costa da Caparica,56,0,0,3,10,0,1,total,60 - 64 anos
"União das freguesias de Almada, Cova da Piedade, Pragal e Cacilhas",234,0,0,13,35,6,7,total,60 - 64 anos
União das freguesias de Caparica e Trafaria,176,0,0,4,15,1,0,total,60 - 64 anos
União das freguesias de Charneca de Caparica e Sobreda,182,0,0,9,28,6,4,total,60 - 64 anos
União das freguesias de Laranjeiro e Feijó,189,0,0,7,22,4,0,total,60 - 64 anos
Alcabideche,634,0,0,15,29,7,3,total,65 ou mais anos
São Domingos de Rana,831,0,0,17,36,5,3,total,65 ou mais anos
União das freguesias de Carcavelos e Parede,754,0,0,43,89,8,8,total,65 ou mais anos
União das freguesias de Cascais e Estoril,1107,0,0,42,113,16,16,total,65 ou mais anos
Ajuda,327,0,0,2,6,0,0,total,65 ou mais anos
Alcântara,226,0,0,5,17,2,2,total,65 ou mais anos
Alvalade,569,0,0,27,96,17,10,total,65 ou mais anos
Areeiro,374,0,0,23,64,7,5,total,65 ou mais anos
Arroios,515,0,0,16,62,9,9,total,65 ou mais anos
Avenidas Novas,344,0,0,18,73,5,4,total,65 ou mais anos
Beato,239,0,0,3,9,3,3,total,65 ou mais anos
Belém,253,0,0,13,41,4,6,total,65 ou mais anos
Benfica,740,0,0,23,86,11,4,total,65 ou mais anos
Campo de Ourique,390,0,0,11,45,6,4,total,65 ou mais anos
Campolide,250,0,0,8,17,5,0,total,65 ou mais anos
Carnide,322,0,0,3,34,4,1,total,65 ou mais anos
Estrela,294,0,0,10,36,4,7,total,65 ou mais anos
Lumiar,625,0,0,32,114,18,13,total,65 ou mais anos
Marvila,857,0,0,4,22,0,2,total,65 ou mais anos
Misericórdia,150,0,0,0,12,2,1,total,65 ou mais anos
Olivais,773,0,0,18,48,1,7,total,65 ou mais anos
Parque das Nações,217,0,0,7,20,4,3,total,65 ou mais anos
Penha de França,508,0,0,18,32,2,2,total,65 ou mais anos
Santa Clara,356,0,0,5,11,3,1,total,65 ou mais anos
Santa Maria Maior,167,0,0,1,5,2,0,total,65 ou mais anos
Santo António,149,0,0,11,15,5,2,total,65 ou mais anos
São Domingos de Benfica,545,0,0,25,91,14,3,total,65 ou mais anos
São Vicente,253,0,0,9,16,3,0,total,65 ou mais anos
Algueirão-Mem Martins,751,0,0,18,26,3,0,total,65 ou mais anos
Casal de Cambra,125,0,0,0,4,0,0,total,65 ou mais anos
Colares,107,0,0,2,8,1,3,total,65 ou mais anos
Rio de Mouro,555,0,0,8,29,2,3,total,65 ou mais anos
União das freguesias de Agualva e Mira-Sintra,610,0,0,11,18,1,0,total,65 ou mais anos
"União das freguesias de Almargem do Bispo, Pêro Pinheiro e Montelavar",239,0,0,1,1,0,0,total,65 ou mais anos
União das freguesias de Massamá e Monte Abraão,629,0,0,26,41,4,2,total,65 ou mais anos
União das freguesias de Queluz e Belas,620,0,0,16,31,1,0,total,65 ou mais anos
União das freguesias de São João das Lampas e Terrugem,220,0,0,2,6,0,0,total,65 ou mais anos
"União das freguesias de Sintra (Santa Maria e São Miguel, São Martinho e São Pedro de Penaferrim)",364,0,0,16,17,5,2,total,65 ou mais anos
União das freguesias do Cacém e São Marcos,373,0,0,5,8,1,1,total,65 ou mais anos
Costa da Caparica,247,0,0,5,20,5,1,total,65 ou mais anos
"União das freguesias de Almada, Cova da Piedade, Pragal e Cacilhas",928,0,0,22,59,5,3,total,65 ou mais anos
União das freguesias de Caparica e Trafaria,459,0,0,6,8,1,0,total,65 ou mais anos
União das freguesias de Charneca de Caparica e Sobreda,536,0,0,11,16,6,2,total,65 ou mais anos
União das freguesias de Laranjeiro e Feijó,653,0,0,6,25,0,0,total,65 ou mais anos
Alcabideche,460,6,0,14,66,15,7,H,total
São Domingos de Rana,630,9,2,12,90,23,7,H,total
União das freguesias de Carcavelos e Parede,473,7,1,22,130,40,12,H,total
União das freguesias de Cascais e Estoril,654,7,1,43,155,49,19,H,total
Ajuda,147,2,1,2,17,6,0,H,total
Alcântara,134,2,0,5,30,9,1,H,total
Alvalade,353,4,0,12,129,35,17,H,total
Areeiro,190,2,0,12,53,15,9,H,total
Arroios,259,2,0,11,65,22,11,H,total
Avenidas Novas,222,1,0,7,86,28,12,H,total
Beato,119,0,0,0,17,2,1,H,total
Belém,138,2,0,7,51,16,12,H,total
Benfica,348,8,0,4,76,15,6,H,total
Campo de Ourique,208,1,0,12,53,26,3,H,total
Campolide,151,3,0,4,31,11,2,H,total
Carnide,225,0,0,8,36,12,3,H,total
Estrela,172,4,0,6,49,25,6,H,total
Lumiar,462,2,0,18,139,57,18,H,total
Marvila,496,8,1,2,34,6,4,H,total
Misericórdia,71,0,0,1,15,10,1,H,total
Olivais,329,0,0,7,54,17,4,H,total
Parque das Nações,232,5,0,10,61,31,12,H,total
Penha de França,267,6,0,14,46,12,2,H,total
Santa Clara,251,5,0,3,28,3,3,H,total
Santa Maria Maior,89,0,0,1,9,3,2,H,total
Santo António,95,0,0,5,32,12,3,H,total
São Domingos de Benfica,327,2,0,13,100,35,12,H,total
São Vicente,126,2,0,4,17,6,0,H,total
Algueirão-Mem Martins,665,7,1,8,54,13,3,H,total
Casal de Cambra,113,0,1,1,6,1,0,H,total
Colares,85,1,0,5,14,1,1,H,total
Rio de Mouro,460,15,0,9,54,11,2,H,total
União das freguesias de Agualva e Mira-Sintra,391,8,0,8,29,3,1,H,total
"União das freguesias de Almargem do Bispo, Pêro Pinheiro e Montelavar",172,3,0,3,7,1,0,H,total
União das freguesias de Massamá e Monte Abraão,449,8,0,19,51,13,5,H,total
União das freguesias de Queluz e Belas,464,8,2,9,49,15,2,H,total
União das freguesias de São João das Lampas e Terrugem,169,5,0,4,12,1,3,H,total
"União das freguesias de Sintra (Santa Maria e São Miguel, São Martinho e São Pedro de Penaferrim)",298,3,1,12,47,17,3,H,total
União das freguesias do Cacém e São Marcos,347,10,0,2,30,3,2,H,total
Costa da Caparica,156,3,0,4,32,7,1,H,total
"União das freguesias de Almada, Cova da Piedade, Pragal e Cacilhas",472,4,0,11,80,15,5,H,total
União das freguesias de Caparica e Trafaria,307,1,1,5,27,8,0,H,total
União das freguesias de Charneca de Caparica e Sobreda,491,8,0,16,89,20,4,H,total
União das freguesias de Laranjeiro e Feijó,399,9,0,3,38,4,0,H,total
Alcabideche,10,0,0,0,1,0,0,H,25 - 29 anos
São Domingos de Rana,9,1,0,0,1,0,0,H,25 - 29 anos
União das freguesias de Carcavelos e Parede,5,0,0,0,0,0,0,H,25 - 29 anos
União das freguesias de Cascais e Estoril,8,0,0,0,0,0,0,H,25 - 29 anos
Ajuda,2,0,0,0,0,0,0,H,25 - 29 anos
Alcântara,1,0,0,0,0,0,0,H,25 - 29 anos
Alvalade,0,0,0,0,0,0,0,H,25 - 29 anos
Areeiro,3,0,0,0,0,0,0,H,25 - 29 anos
Arroios,2,0,0,0,0,0,0,H,25 - 29 anos
Avenidas Novas,0,0,0,0,0,0,0,H,25 - 29 anos
Beato,2,0,0,0,0,0,0,H,25 - 29 anos
Belém,0,0,0,0,0,0,0,H,25 - 29 anos
Benfica,5,0,0,0,0,0,0,H,25 - 29 anos
Campo de Ourique,1,0,0,0,0,0,0,H,25 - 29 anos
Campolide,2,0,0,0,0,2,0,H,25 - 29 anos
Carnide,7,0,0,0,0,0,0,H,25 - 29 anos
Estrela,2,0,0,0,0,0,0,H,25 - 29 anos
Lumiar,6,1,0,0,0,0,0,H,25 - 29 anos
Marvila,12,1,1,0,1,0,0,H,25 - 29 anos
Misericórdia,0,0,0,0,0,0,0,H,25 - 29 anos
Olivais,3,0,0,0,0,0,0,H,25 - 29 anos
Parque das Nações,3,1,0,0,0,0,0,H,25 - 29 anos
Penha de França,3,0,0,0,0,0,0,H,25 - 29 anos
Santa Clara,12,1,0,0,0,0,0,H,25 - 29 anos
Santa Maria Maior,6,0,0,0,0,0,0,H,25 - 29 anos
Santo António,1,0,0,0,0,0,0,H,25 - 29 anos
São Domingos de Benfica,1,0,0,0,0,1,0,H,25 - 29 anos
São Vicente,2,0,0,0,0,0,0,H,25 - 29 anos
Algueirão-Mem Martins,9,0,0,0,0,1,0,H,25 - 29 anos
Casal de Cambra,2,0,1,0,0,0,0,H,25 - 29 anos
Colares,3,0,0,0,0,0,0,H,25 - 29 anos
Rio de Mouro,5,1,0,0,0,0,0,H,25 - 29 anos
União das freguesias de Agualva e Mira-Sintra,12,1,0,0,1,0,0,H,25 - 29 anos
"União das freguesias de Almargem do Bispo, Pêro Pinheiro e Montelavar",3,0,0,0,0,0,0,H,25 - 29 anos
União das freguesias de Massamá e Monte Abraão,10,0,0,0,0,0,0,H,25 - 29 anos
União das freguesias de Queluz e Belas,10,2,0,0,0,1,0,H,25 - 29 anos
União das freguesias de São João das Lampas e Terrugem,1,0,0,0,0,0,0,H,25 - 29 anos
"União das freguesias de Sintra (Santa Maria e São Miguel, São Martinho e São Pedro de Penaferrim)",4,1,1,0,1,0,0,H,25 - 29 anos
União das freguesias do Cacém e São Marcos,3,0,0,0,0,0,0,H,25 - 29 anos
Costa da Caparica,1,1,0,0,0,0,0,H,25 - 29 anos
"União das freguesias de Almada, Cova da Piedade, Pragal e Cacilhas",3,0,0,0,0,0,0,H,25 - 29 anos
União das freguesias de Caparica e Trafaria,7,0,0,0,0,0,0,H,25 - 29 anos
União das freguesias de Charneca de Caparica e Sobreda,5,0,0,0,0,0,0,H,25 - 29 anos
União das freguesias de Laranjeiro e Feijó,6,1,0,0,1,0,0,H,25 - 29 anos
Alcabideche,15,0,0,0,2,0,0,H,30 - 34 anos
São Domingos de Rana,22,0,1,0,3,1,0,H,30 - 34 anos
União das freguesias de Carcavelos e Parede,9,0,1,0,3,0,1,H,30 - 34 anos
União das freguesias de Cascais e Estoril,10,1,0,0,2,1,0,H,30 - 34 anos
Ajuda,2,1,0,0,0,0,0,H,30 - 34 anos
Alcântara,3,0,0,0,0,2,0,H,30 - 34 anos
Alvalade,4,0,0,0,0,3,0,H,30 - 34 anos
Areeiro,4,0,0,0,0,0,0,H,30 - 34 anos
Arroios,6,0,0,0,0,1,0,H,30 - 34 anos
Avenidas Novas,6,0,0,0,1,2,0,H,30 - 34 anos
Beato,3,0,0,0,0,0,0,H,30 - 34 anos
Belém,2,0,0,0,0,1,0,H,30 - 34 anos
Benfica,12,0,0,0,0,0,0,H,30 - 34 anos
Campo de Ourique,5,1,0,0,0,1,1,H,30 - 34 anos
Campolide,4,0,0,0,0,0,0,H,30 - 34 anos
Carnide,8,0,0,0,0,0,0,H,30 - 34 anos
Estrela,4,0,0,0,0,1,0,H,30 - 34 anos
Lumiar,15,0,0,0,1,0,0,H,30 - 34 anos
Marvila,25,0,0,0,1,0,0,H,30 - 34 anos
Misericórdia,0,0,0,0,0,0,0,H,30 - 34 anos
Olivais,9,0,0,0,1,1,0,H,30 - 34 anos
Parque das Nações,6,0,0,0,0,0,0,H,30 - 34 anos
Penha de França,7,1,0,0,0,0,0,H,30 - 34 anos
Santa Clara,14,2,0,0,1,0,0,H,30 - 34 anos
Santa Maria Maior,6,0,0,0,1,0,0,H,30 - 34 anos
Santo António,1,0,0,0,0,0,0,H,30 - 34 anos
São Domingos de Benfica,6,0,0,0,0,0,0,H,30 - 34 anos
São Vicente,2,0,0,0,1,0,0,H,30 - 34 anos
Algueirão-Mem Martins,28,0,0,0,3,0,0,H,30 - 34 anos
Casal de Cambra,10,0,0,0,0,0,0,H,30 - 34 anos
Colares,7,1,0,0,0,0,0,H,30 - 34 anos
Rio de Mouro,15,1,0,0,6,1,0,H,30 - 34 anos
União das freguesias de Agualva e Mira-Sintra,17,2,0,0,1,0,0,H,30 - 34 anos
"União das freguesias de Almargem do Bispo, Pêro Pinheiro e Montelavar",6,0,0,0,0,0,0,H,30 - 34 anos
União das freguesias de Massamá e Monte Abraão,19,2,0,0,3,1,0,H,30 - 34 anos
União das freguesias de Queluz e Belas,25,1,1,0,1,1,0,H,30 - 34 anos
União das freguesias de São João das Lampas e Terrugem,7,1,0,0,0,0,0,H,30 - 34 anos
"União das freguesias de Sintra (Santa Maria e São Miguel, São Martinho e São Pedro de Penaferrim)",5,0,0,0,0,0,0,H,30 - 34 anos
União das freguesias do Cacém e São Marcos,18,0,0,0,1,0,0,H,30 - 34 anos
Costa da Caparica,5,1,0,0,1,1,0,H,30 - 34 anos
"União das freguesias de Almada, Cova da Piedade, Pragal e Cacilhas",10,1,0,0,2,0,0,H,30 - 34 anos
União das freguesias de Caparica e Trafaria,9,0,1,0,1,0,0,H,30 - 34 anos
União das freguesias de Charneca de Caparica e Sobreda,10,0,0,1,0,0,0,H,30 - 34 anos
União das freguesias de Laranjeiro e Feijó,14,1,0,0,1,0,0,H,30 - 34 anos
Alcabideche,28,0,0,0,2,0,0,H,35 - 39 anos
São Domingos de Rana,46,2,1,0,3,2,0,H,35 - 39 anos
União das freguesias de Carcavelos e Parede,20,0,0,0,6,1,0,H,35 - 39 anos
União das freguesias de Cascais e Estoril,25,1,0,2,4,2,0,H,35 - 39 anos
Ajuda,6,0,1,0,0,0,0,H,35 - 39 anos
Alcântara,9,0,0,1,2,0,0,H,35 - 39 anos
Alvalade,16,0,0,0,6,2,0,H,35 - 39 anos
Areeiro,12,1,0,0,4,1,0,H,35 - 39 anos
Arroios,11,0,0,1,2,1,0,H,35 - 39 anos
Avenidas Novas,9,0,0,0,4,2,1,H,35 - 39 anos
Beato,4,0,0,0,0,0,0,H,35 - 39 anos
Belém,5,0,0,0,0,2,0,H,35 - 39 anos
Benfica,23,2,0,0,1,0,0,H,35 - 39 anos
Campo de Ourique,19,0,0,0,6,2,1,H,35 - 39 anos
Campolide,6,0,0,0,0,1,0,H,35 - 39 anos
Carnide,17,0,0,1,3,0,0,H,35 - 39 anos
Estrela,9,0,0,0,1,2,0,H,35 - 39 anos
Lumiar,24,0,0,1,3,3,1,H,35 - 39 anos
Marvila,53,2,0,0,2,3,0,H,35 - 39 anos
Misericórdia,4,0,0,0,2,1,0,H,35 - 39 anos
Olivais,20,0,0,0,4,0,0,H,35 - 39 anos
Parque das Nações,8,2,0,0,0,2,0,H,35 - 39 anos
Penha de França,18,0,0,0,3,1,0,H,35 - 39 anos
Santa Clara,20,0,0,0,1,0,0,H,35 - 39 anos
Santa Maria Maior,5,0,0,0,0,0,0,H,35 - 39 anos
Santo António,6,0,0,0,2,2,0,H,35 - 39 anos
São Domingos de Benfica,10,0,0,1,4,1,0,H,35 - 39 anos
São Vicente,10,0,0,0,1,1,0,H,35 - 39 anos
Algueirão-Mem Martins,57,1,1,0,2,1,0,H,35 - 39 anos
Casal de Cambra,9,0,0,0,0,0,0,H,35 - 39 anos
Colares,5,0,0,0,1,0,0,H,35 - 39 anos
Rio de Mouro,33,0,0,1,3,2,0,H,35 - 39 anos
União das freguesias de Agualva e Mira-Sintra,20,3,0,0,0,0,0,H,35 - 39 anos
"União das freguesias de Almargem do Bispo, Pêro Pinheiro e Montelavar",11,0,0,0,0,0,0,H,35 - 39 anos
União das freguesias de Massamá e Monte Abraão,29,0,0,1,5,2,0,H,35 - 39 anos
União das freguesias de Queluz e Belas,31,2,1,0,3,2,0,H,35 - 39 anos
União das freguesias de São João das Lampas e Terrugem,12,0,0,1,0,0,1,H,35 - 39 anos
"União das freguesias de Sintra (Santa Maria e São Miguel, São Martinho e São Pedro de Penaferrim)",20,0,0,1,2,0,0,H,35 - 39 anos
União das freguesias do Cacém e São Marcos,25,1,0,0,5,0,0,H,35 - 39 anos
Costa da Caparica,8,0,0,0,2,1,0,H,35 - 39 anos
"União das freguesias de Almada, Cova da Piedade, Pragal e Cacilhas",35,0,0,1,6,3,0,H,35 - 39 anos
União das freguesias de Caparica e Trafaria,27,0,0,0,4,1,0,H,35 - 39 anos
União das freguesias de Charneca de Caparica e Sobreda,33,0,0,1,8,2,0,H,35 - 39 anos
União das freguesias de Laranjeiro e Feijó,37,1,0,1,3,0,0,H,35 - 39 anos
Alcabideche,55,2,0,2,14,2,1,H,40 - 44 anos
São Domingos de Rana,72,2,0,4,14,6,2,H,40 - 44 anos
União das freguesias de Carcavelos e Parede,31,1,0,2,9,8,0,H,40 - 44 anos
União das freguesias de Cascais e Estoril,65,3,1,5,17,7,1,H,40 - 44 anos
Ajuda,19,1,0,1,5,2,0,H,40 - 44 anos
Alcântara,14,1,0,1,3,1,0,H,40 - 44 anos
Alvalade,26,1,0,1,11,2,1,H,40 - 44 anos
Areeiro,19,1,0,0,5,3,1,H,40 - 44 anos
Arroios,34,1,0,1,7,1,1,H,40 - 44 anos
Avenidas Novas,29,1,0,1,6,10,2,H,40 - 44 anos
Beato,17,0,0,0,1,0,0,H,40 - 44 anos
Belém,13,1,0,0,5,2,1,H,40 - 44 anos
Benfica,39,2,0,2,12,0,0,H,40 - 44 anos
Campo de Ourique,18,0,0,0,6,4,0,H,40 - 44 anos
Campolide,16,0,0,0,8,2,0,H,40 - 44 anos
Carnide,24,0,0,1,6,4,0,H,40 - 44 anos
Estrela,16,2,0,0,6,3,1,H,40 - 44 anos
Lumiar,43,0,0,1,20,6,0,H,40 - 44 anos
Marvila,59,3,0,1,5,0,1,H,40 - 44 anos
Misericórdia,5,0,0,0,0,2,0,H,40 - 44 anos
Olivais,28,0,0,1,6,3,0,H,40 - 44 anos
Parque das Nações,28,0,0,1,11,3,0,H,40 - 44 anos
Penha de França,35,2,0,0,8,4,1,H,40 - 44 anos
Santa Clara,34,0,0,1,5,0,0,H,40 - 44 anos
Santa Maria Maior,8,0,0,0,0,0,1,H,40 - 44 anos
Santo António,10,0,0,1,2,4,1,H,40 - 44 anos
São Domingos de Benfica,39,1,0,0,12,3,2,H,40 - 44 anos
São Vicente,18,1,0,1,4,2,0,H,40 - 44 anos
Algueirão-Mem Martins,71,1,0,0,11,2,0,H,40 - 44 anos
Casal de Cambra,19,0,0,0,1,1,0,H,40 - 44 anos
Colares,7,0,0,0,2,1,0,H,40 - 44 anos
Rio de Mouro,70,1,0,0,11,0,0,H,40 - 44 anos
União das freguesias de Agualva e Mira-Sintra,41,0,0,0,4,2,0,H,40 - 44 anos
"União das freguesias de Almargem do Bispo, Pêro Pinheiro e Montelavar",16,0,0,0,1,0,0,H,40 - 44 anos
União das freguesias de Massamá e Monte Abraão,39,2,0,3,4,0,1,H,40 - 44 anos
União das freguesias de Queluz e Belas,50,0,0,0,9,3,1,H,40 - 44 anos
União das freguesias de São João das Lampas e Terrugem,23,2,0,0,2,0,1,H,40 - 44 anos
"União das freguesias de Sintra (Santa Maria e São Miguel, São Martinho e São Pedro de Penaferrim)",32,2,0,0,8,4,0,H,40 - 44 anos
União das freguesias do Cacém e São Marcos,35,5,0,0,1,1,0,H,40 - 44 anos
Costa da Caparica,14,0,0,1,4,0,0,H,40 - 44 anos
"União das freguesias de Almada, Cova da Piedade, Pragal e Cacilhas",50,2,0,1,10,2,0,H,40 - 44 anos
União das freguesias de Caparica e Trafaria,25,0,0,0,4,1,0,H,40 - 44 anos
União das freguesias de Charneca de Caparica e Sobreda,54,2,0,3,17,2,0,H,40 - 44 anos
União das freguesias de Laranjeiro e Feijó,47,3,0,1,4,0,0,H,40 - 44 anos
Alcabideche,74,4,0,1,12,3,1,H,45 - 49 anos
São Domingos de Rana,109,4,0,2,34,5,0,H,45 - 49 anos
União das freguesias de Carcavelos e Parede,85,1,0,5,36,6,0,H,45 - 49 anos
União das freguesias de Cascais e Estoril,93,1,0,6,31,7,1,H,45 - 49 anos
Ajuda,15,0,0,0,5,1,0,H,45 - 49 anos
Alcântara,19,0,0,0,5,2,0,H,45 - 49 anos
Alvalade,54,2,0,1,25,7,0,H,45 - 49 anos
Areeiro,21,0,0,2,8,3,2,H,45 - 49 anos
Arroios,41,0,0,3,15,5,0,H,45 - 49 anos
Avenidas Novas,33,0,0,0,13,4,2,H,45 - 49 anos
Beato,26,0,0,0,8,2,0,H,45 - 49 anos
Belém,19,0,0,1,10,4,1,H,45 - 49 anos
Benfica,49,3,0,0,14,8,0,H,45 - 49 anos
Campo de Ourique,29,0,0,1,10,8,0,H,45 - 49 anos
Campolide,25,3,0,2,7,2,0,H,45 - 49 anos
Carnide,28,0,0,0,10,3,0,H,45 - 49 anos
Estrela,25,1,0,1,11,6,0,H,45 - 49 anos
Lumiar,76,1,0,7,36,9,2,H,45 - 49 anos
Marvila,53,1,0,0,4,0,1,H,45 - 49 anos
Misericórdia,10,0,0,0,1,3,0,H,45 - 49 anos
Olivais,38,0,0,0,10,3,0,H,45 - 49 anos
Parque das Nações,45,1,0,1,14,12,4,H,45 - 49 anos
Penha de França,49,1,0,1,14,2,0,H,45 - 49 anos
Santa Clara,37,2,0,0,7,0,0,H,45 - 49 anos
Santa Maria Maior,5,0,0,0,0,2,0,H,45 - 49 anos
Santo António,18,0,0,2,9,1,0,H,45 - 49 anos
São Domingos de Benfica,35,1,0,1,16,5,1,H,45 - 49 anos
São Vicente,23,1,0,0,6,0,0,H,45 - 49 anos
Algueirão-Mem Martins,93,2,0,3,12,2,0,H,45 - 49 anos
Casal de Cambra,20,0,0,0,2,0,0,H,45 - 49 anos
Colares,13,0,0,0,2,0,0,H,45 - 49 anos
Rio de Mouro,73,6,0,2,7,4,0,H,45 - 49 anos
União das freguesias de Agualva e Mira-Sintra,53,1,0,2,5,0,0,H,45 - 49 anos
"União das freguesias de Almargem do Bispo, Pêro Pinheiro e Montelavar",26,1,0,0,2,1,0,H,45 - 49 anos
União das freguesias de Massamá e Monte Abraão,67,2,0,1,12,2,1,H,45 - 49 anos
União das freguesias de Queluz e Belas,75,1,0,2,12,2,0,H,45 - 49 anos
União das freguesias de São João das Lampas e Terrugem,21,0,0,1,3,1,0,H,45 - 49 anos
"União das freguesias de Sintra (Santa Maria e São Miguel, São Martinho e São Pedro de Penaferrim)",42,0,0,0,6,4,0,H,45 - 49 anos
União das freguesias do Cacém e São Marcos,65,1,0,0,6,1,0,H,45 - 49 anos
Costa da Caparica,28,1,0,1,10,0,0,H,45 - 49 anos
"União das freguesias de Almada, Cova da Piedade, Pragal e Cacilhas",73,0,0,1,17,3,0,H,45 - 49 anos
União das freguesias de Caparica e Trafaria,35,1,0,1,4,1,0,H,45 - 49 anos
União das freguesias de Charneca de Caparica e Sobreda,91,4,0,4,27,4,0,H,45 - 49 anos
União das freguesias de Laranjeiro e Feijó,60,3,0,0,8,0,0,H,45 - 49 anos
Alcabideche,65,0,0,5,10,2,1,H,50 - 54 anos
São Domingos de Rana,76,0,0,2,11,3,1,H,50 - 54 anos
União das freguesias de Carcavelos e Parede,86,3,0,3,22,15,0,H,50 - 54 anos
União das freguesias de Cascais e Estoril,109,1,0,11,32,9,1,H,50 - 54 anos
Ajuda,19,0,0,0,2,2,0,H,50 - 54 anos
Alcântara,15,0,0,2,7,0,0,H,50 - 54 anos
Alvalade,49,1,0,0,26,9,2,H,50 - 54 anos
Areeiro,33,0,0,1,12,2,1,H,50 - 54 anos
Arroios,38,1,0,0,13,5,1,H,50 - 54 anos
Avenidas Novas,29,0,0,3,15,2,1,H,50 - 54 anos
Beato,15,0,0,0,2,0,0,H,50 - 54 anos
Belém,24,1,0,2,12,1,3,H,50 - 54 anos
Benfica,42,0,0,1,12,2,1,H,50 - 54 anos
Campo de Ourique,24,0,0,3,4,1,0,H,50 - 54 anos
Campolide,24,0,0,0,8,2,0,H,50 - 54 anos
Carnide,37,0,0,3,4,3,3,H,50 - 54 anos
Estrela,25,1,0,2,9,4,1,H,50 - 54 anos
Lumiar,62,0,0,0,22,10,3,H,50 - 54 anos
Marvila,52,1,0,0,6,1,0,H,50 - 54 anos
Misericórdia,15,0,0,0,5,3,0,H,50 - 54 anos
Olivais,44,0,0,1,6,3,0,H,50 - 54 anos
Parque das Nações,35,0,0,2,14,4,2,H,50 - 54 anos
Penha de França,34,2,0,4,8,2,0,H,50 - 54 anos
Santa Clara,36,0,0,0,4,1,0,H,50 - 54 anos
Santa Maria Maior,14,0,0,1,4,0,0,H,50 - 54 anos
Santo António,14,0,0,0,6,1,2,H,50 - 54 anos
São Domingos de Benfica,47,0,0,3,18,9,1,H,50 - 54 anos
São Vicente,12,0,0,1,1,1,0,H,50 - 54 anos
Algueirão-Mem Martins,139,2,0,2,11,2,3,H,50 - 54 anos
Casal de Cambra,15,0,0,0,2,0,0,H,50 - 54 anos
Colares,9,0,0,0,1,0,0,H,50 - 54 anos
Rio de Mouro,77,6,0,2,11,3,1,H,50 - 54 anos
União das freguesias de Agualva e Mira-Sintra,65,0,0,1,5,1,0,H,50 - 54 anos
"União das freguesias de Almargem do Bispo, Pêro Pinheiro e Montelavar",30,2,0,2,1,0,0,H,50 - 54 anos
União das freguesias de Massamá e Monte Abraão,64,2,0,1,6,0,0,H,50 - 54 anos
União das freguesias de Queluz e Belas,85,1,0,2,7,5,0,H,50 - 54 anos
União das freguesias de São João das Lampas e Terrugem,24,2,0,1,1,0,0,H,50 - 54 anos
"União das freguesias de Sintra (Santa Maria e São Miguel, São Martinho e São Pedro de Penaferrim)",48,0,0,2,10,3,0,H,50 - 54 anos
União das freguesias do Cacém e São Marcos,69,3,0,0,7,0,0,H,50 - 54 anos
Costa da Caparica,18,0,0,0,3,1,0,H,50 - 54 anos
"União das freguesias de Almada, Cova da Piedade, Pragal e Cacilhas",59,0,0,1,15,4,1,H,50 - 54 anos
União das freguesias de Caparica e Trafaria,56,0,0,0,3,2,0,H,50 - 54 anos
União das freguesias de Charneca de Caparica e Sobreda,77,2,0,3,7,6,2,H,50 - 54 anos
União das freguesias de Laranjeiro e Feijó,42,0,0,0,6,1,0,H,50 - 54 anos
Alcabideche,48,0,0,0,5,5,1,H,55 - 59 anos
São Domingos de Rana,69,0,0,1,9,3,1,H,55 - 59 anos
União das freguesias de Carcavelos e Parede,72,2,0,5,20,4,5,H,55 - 59 anos
União das freguesias de Cascais e Estoril,86,0,0,8,16,10,4,H,55 - 59 anos
Ajuda,13,0,0,0,2,1,0,H,55 - 59 anos
Alcântara,22,1,0,0,6,1,0,H,55 - 59 anos
Alvalade,58,0,0,4,23,5,4,H,55 - 59 anos
Areeiro,28,0,0,3,5,2,4,H,55 - 59 anos
Arroios,28,0,0,2,8,4,3,H,55 - 59 anos
Avenidas Novas,30,0,0,0,17,5,3,H,55 - 59 anos
Beato,17,0,0,0,2,0,0,H,55 - 59 anos
Belém,17,0,0,1,7,1,0,H,55 - 59 anos
Benfica,39,1,0,0,10,3,2,H,55 - 59 anos
Campo de Ourique,45,0,0,6,17,4,0,H,55 - 59 anos
Campolide,22,0,0,0,5,0,2,H,55 - 59 anos
Carnide,21,0,0,1,4,0,0,H,55 - 59 anos
Estrela,25,0,0,0,10,7,1,H,55 - 59 anos
Lumiar,72,0,0,2,25,12,2,H,55 - 59 anos
Marvila,49,0,0,1,2,1,0,H,55 - 59 anos
Misericórdia,9,0,0,0,0,1,1,H,55 - 59 anos
Olivais,45,0,0,2,8,4,0,H,55 - 59 anos
Parque das Nações,41,1,0,4,9,8,2,H,55 - 59 anos
Penha de França,25,0,0,2,2,1,0,H,55 - 59 anos
Santa Clara,18,0,0,0,3,0,1,H,55 - 59 anos
Santa Maria Maior,9,0,0,0,1,1,1,H,55 - 59 anos
Santo António,9,0,0,0,3,1,0,H,55 - 59 anos
São Domingos de Benfica,47,0,0,3,11,6,5,H,55 - 59 anos
São Vicente,9,0,0,0,2,1,0,H,55 - 59 anos
Algueirão-Mem Martins,70,1,0,1,7,2,0,H,55 - 59 anos
Casal de Cambra,13,0,0,1,1,0,0,H,55 - 59 anos
Colares,12,0,0,2,2,0,0,H,55 - 59 anos
Rio de Mouro,62,0,0,1,8,0,0,H,55 - 59 anos
União das freguesias de Agualva e Mira-Sintra,51,0,0,1,3,0,0,H,55 - 59 anos
"União das freguesias de Almargem do Bispo, Pêro Pinheiro e Montelavar",23,0,0,1,1,0,0,H,55 - 59 anos
União das freguesias de Massamá e Monte Abraão,76,0,0,4,6,6,3,H,55 - 59 anos
União das freguesias de Queluz e Belas,59,1,0,3,4,0,0,H,55 - 59 anos
União das freguesias de São João das Lampas e Terrugem,24,0,0,0,3,0,0,H,55 - 59 anos
"União das freguesias de Sintra (Santa Maria e São Miguel, São Martinho e São Pedro de Penaferrim)",33,0,0,4,6,2,1,H,55 - 59 anos
União das freguesias do Cacém e São Marcos,45,0,0,1,4,1,0,H,55 - 59 anos
Costa da Caparica,13,0,0,0,2,2,0,H,55 - 59 anos
"União das freguesias de Almada, Cova da Piedade, Pragal e Cacilhas",54,1,0,0,10,0,0,H,55 - 59 anos
União das freguesias de Caparica e Trafaria,28,0,0,1,6,1,0,H,55 - 59 anos
União das freguesias de Charneca de Caparica e Sobreda,65,0,0,1,22,2,1,H,55 - 59 anos
União das freguesias de Laranjeiro e Feijó,33,0,0,0,2,1,0,H,55 - 59 anos
Alcabideche,56,0,0,3,8,1,1,H,60 - 64 anos
São Domingos de Rana,63,0,0,2,5,3,1,H,60 - 64 anos
União das freguesias de Carcavelos e Parede,45,0,0,6,10,3,3,H,60 - 64 anos
União das freguesias de Cascais e Estoril,74,0,0,4,17,6,2,H,60 - 64 anos
Ajuda,10,0,0,1,2,0,0,H,60 - 64 anos
Alcântara,14,0,0,0,2,2,0,H,60 - 64 anos
Alvalade,40,0,0,1,14,4,5,H,60 - 64 anos
Areeiro,15,0,0,1,4,3,0,H,60 - 64 anos
Arroios,20,0,0,2,5,2,1,H,60 - 64 anos
Avenidas Novas,19,0,0,2,8,2,1,H,60 - 64 anos
Beato,4,0,0,0,2,0,0,H,60 - 64 anos
Belém,15,0,0,1,4,2,5,H,60 - 64 anos
Benfica,28,0,0,0,8,1,1,H,60 - 64 anos
Campo de Ourique,18,0,0,1,3,3,0,H,60 - 64 anos
Campolide,12,0,0,0,0,0,0,H,60 - 64 anos
Carnide,22,0,0,1,1,2,0,H,60 - 64 anos
Estrela,19,0,0,2,6,0,2,H,60 - 64 anos
Lumiar,51,0,0,4,15,13,6,H,60 - 64 anos
Marvila,41,0,0,0,2,1,0,H,60 - 64 anos
Misericórdia,9,0,0,1,2,0,0,H,60 - 64 anos
Olivais,33,0,0,1,9,2,1,H,60 - 64 anos
Parque das Nações,26,0,0,0,7,2,1,H,60 - 64 anos
Penha de França,26,0,0,2,5,1,0,H,60 - 64 anos
Santa Clara,22,0,0,1,5,0,2,H,60 - 64 anos
Santa Maria Maior,7,0,0,0,0,0,0,H,60 - 64 anos
Santo António,13,0,0,1,5,2,0,H,60 - 64 anos
São Domingos de Benfica,44,0,0,1,17,6,2,H,60 - 64 anos
São Vicente,7,0,0,0,0,1,0,H,60 - 64 anos
Algueirão-Mem Martins,77,0,0,1,5,2,0,H,60 - 64 anos
Casal de Cambra,7,0,0,0,0,0,0,H,60 - 64 anos
Colares,10,0,0,2,2,0,0,H,60 - 64 anos
Rio de Mouro,30,0,0,1,3,0,0,H,60 - 64 anos
União das freguesias de Agualva e Mira-Sintra,37,0,0,1,4,0,1,H,60 - 64 anos
"União das freguesias de Almargem do Bispo, Pêro Pinheiro e Montelavar",13,0,0,0,1,0,0,H,60 - 64 anos
União das freguesias de Massamá e Monte Abraão,41,0,0,3,4,1,0,H,60 - 64 anos
União das freguesias de Queluz e Belas,39,0,0,1,7,0,1,H,60 - 64 anos
União das freguesias de São João das Lampas e Terrugem,14,0,0,0,1,0,1,H,60 - 64 anos
"União das freguesias de Sintra (Santa Maria e São Miguel, São Martinho e São Pedro de Penaferrim)",25,0,0,0,6,3,1,H,60 - 64 anos
União das freguesias do Cacém e São Marcos,25,0,0,0,2,0,1,H,60 - 64 anos
Costa da Caparica,10,0,0,0,1,0,0,H,60 - 64 anos
"União das freguesias de Almada, Cova da Piedade, Pragal e Cacilhas",45,0,0,3,6,1,4,H,60 - 64 anos
União das freguesias de Caparica e Trafaria,27,0,0,1,3,1,0,H,60 - 64 anos
União das freguesias de Charneca de Caparica e Sobreda,37,0,0,1,4,2,0,H,60 - 64 anos
União das freguesias de Laranjeiro e Feijó,41,0,0,0,5,2,0,H,60 - 64 anos
Alcabideche,107,0,0,3,12,2,2,H,65 ou mais anos
São Domingos de Rana,162,0,0,1,10,0,2,H,65 ou mais anos
União das freguesias de Carcavelos e Parede,118,0,0,1,24,3,3,H,65 ou mais anos
União das freguesias de Cascais e Estoril,182,0,0,7,36,7,10,H,65 ou mais anos
Ajuda,60,0,0,0,1,0,0,H,65 ou mais anos
Alcântara,36,0,0,1,5,1,1,H,65 ou mais anos
Alvalade,106,0,0,5,24,3,5,H,65 ou mais anos
Areeiro,55,0,0,5,15,1,1,H,65 ou mais anos
Arroios,78,0,0,2,15,3,5,H,65 ou mais anos
Avenidas Novas,66,0,0,1,22,1,2,H,65 ou mais anos
Beato,30,0,0,0,2,0,1,H,65 ou mais anos
Belém,43,0,0,2,13,3,2,H,65 ou mais anos
Benfica,108,0,0,1,19,1,2,H,65 ou mais anos
Campo de Ourique,49,0,0,1,7,3,1,H,65 ou mais anos
Campolide,40,0,0,2,3,2,0,H,65 ou mais anos
Carnide,59,0,0,1,8,0,0,H,65 ou mais anos
Estrela,46,0,0,1,6,2,1,H,65 ou mais anos
Lumiar,112,0,0,3,17,4,4,H,65 ou mais anos
Marvila,148,0,0,0,11,0,2,H,65 ou mais anos
Misericórdia,19,0,0,0,5,0,0,H,65 ou mais anos
Olivais,106,0,0,2,10,1,3,H,65 ou mais anos
Parque das Nações,40,0,0,2,6,0,3,H,65 ou mais anos
Penha de França,69,0,0,5,6,1,1,H,65 ou mais anos
Santa Clara,51,0,0,1,2,2,0,H,65 ou mais anos
Santa Maria Maior,26,0,0,0,3,0,0,H,65 ou mais anos
Santo António,23,0,0,1,5,1,0,H,65 ou mais anos
São Domingos de Benfica,97,0,0,4,22,4,1,H,65 ou mais anos
São Vicente,42,0,0,2,2,0,0,H,65 ou mais anos
Algueirão-Mem Martins,117,0,0,1,3,1,0,H,65 ou mais anos
Casal de Cambra,18,0,0,0,0,0,0,H,65 ou mais anos
Colares,19,0,0,1,4,0,1,H,65 ou mais anos
Rio de Mouro,93,0,0,2,5,1,1,H,65 ou mais anos
União das freguesias de Agualva e Mira-Sintra,87,0,0,3,6,0,0,H,65 ou mais anos
"União das freguesias de Almargem do Bispo, Pêro Pinheiro e Montelavar",43,0,0,0,1,0,0,H,65 ou mais anos
União das freguesias de Massamá e Monte Abraão,104,0,0,6,11,1,0,H,65 ou mais anos
União das freguesias de Queluz e Belas,83,0,0,1,6,1,0,H,65 ou mais anos
União das freguesias de São João das Lampas e Terrugem,43,0,0,1,2,0,0,H,65 ou mais anos
"União das freguesias de Sintra (Santa Maria e São Miguel, São Martinho e São Pedro de Penaferrim)",87,0,0,5,8,1,1,H,65 ou mais anos
União das freguesias do Cacém e São Marcos,58,0,0,1,4,0,1,H,65 ou mais anos
Costa da Caparica,57,0,0,2,9,2,1,H,65 ou mais anos
"União das freguesias de Almada, Cova da Piedade, Pragal e Cacilhas",143,0,0,4,14,2,0,H,65 ou mais anos
União das freguesias de Caparica e Trafaria,87,0,0,2,2,1,0,H,65 ou mais anos
União das freguesias de Charneca de Caparica e Sobreda,118,0,0,2,4,2,1,H,65 ou mais anos
União das freguesias de Laranjeiro e Feijó,111,0,0,1,8,0,0,H,65 ou mais anos
Alcabideche,2594,51,6,66,411,83,14,M,total
São Domingos de Rana,3498,56,4,102,648,131,17,M,total
União das freguesias de Carcavelos e Parede,2600,42,0,138,780,160,45,M,total
União das freguesias de Cascais e Estoril,3654,50,3,198,842,232,41,M,total
Ajuda,890,8,0,12,109,24,5,M,total
Alcântara,807,7,1,28,176,49,14,M,total
Alvalade,1649,14,0,77,581,164,45,M,total
Areeiro,1052,14,0,48,319,105,36,M,total
Arroios,1437,17,1,49,378,114,34,M,total
Avenidas Novas,1051,11,0,55,358,104,28,M,total
Beato,750,15,0,14,82,19,7,M,total
Belém,786,4,0,43,281,83,29,M,total
Benfica,2160,24,3,71,464,106,22,M,total
Campo de Ourique,1254,17,0,40,299,99,23,M,total
Campolide,852,9,0,20,162,44,7,M,total
Carnide,1127,8,1,20,235,69,15,M,total
Estrela,1009,7,0,64,266,91,21,M,total
Lumiar,2396,15,0,102,818,229,67,M,total
Marvila,2752,24,2,22,173,33,12,M,total
Misericórdia,489,3,0,13,84,33,15,M,total
Olivais,2084,22,0,47,326,84,21,M,total
Parque das Nações,1126,9,1,28,307,101,22,M,total
Penha de França,1563,14,2,47,257,73,15,M,total
Santa Clara,1812,16,2,24,191,44,14,M,total
Santa Maria Maior,443,4,0,8,44,19,5,M,total
Santo António,448,5,0,25,127,42,18,M,total
São Domingos de Benfica,1700,15,1,77,582,165,38,M,total
São Vicente,729,8,0,23,112,34,11,M,total
Algueirão-Mem Martins,4188,92,5,79,564,96,16,M,total
Casal de Cambra,810,14,0,7,73,10,0,M,total
Colares,355,3,0,14,56,20,3,M,total
Rio de Mouro,3163,73,7,68,397,67,11,M,total
União das freguesias de Agualva e Mira-Sintra,3013,49,3,43,299,38,3,M,total
"União das freguesias de Almargem do Bispo, Pêro Pinheiro e Montelavar",820,17,1,8,70,15,5,M,total
União das freguesias de Massamá e Monte Abraão,3084,50,4,87,536,71,15,M,total
União das freguesias de Queluz e Belas,3341,62,1,63,451,89,10,M,total
União das freguesias de São João das Lampas e Terrugem,823,12,0,20,114,22,1,M,total
"União das freguesias de Sintra (Santa Maria e São Miguel, São Martinho e São Pedro de Penaferrim)",1373,21,0,57,308,77,10,M,total
União das freguesias do Cacém e São Marcos,2689,58,3,40,315,30,5,M,total
Costa da Caparica,842,10,0,19,152,32,9,M,total
"União das freguesias de Almada, Cova da Piedade, Pragal e Cacilhas",2994,46,1,82,530,111,21,M,total
União das freguesias de Caparica e Trafaria,2076,18,3,19,176,33,1,M,total
União das freguesias de Charneca de Caparica e Sobreda,2265,32,2,77,544,116,20,M,total
União das freguesias de Laranjeiro e Feijó,2690,34,3,44,323,43,7,M,total
Alcabideche,91,5,3,0,6,1,0,M,25 - 29 anos
São Domingos de Rana,127,3,2,0,9,2,0,M,25 - 29 anos
União das freguesias de Carcavelos e Parede,43,1,0,0,6,2,0,M,25 - 29 anos
União das freguesias de Cascais e Estoril,79,4,0,0,14,4,0,M,25 - 29 anos
Ajuda,49,0,0,0,6,0,0,M,25 - 29 anos
Alcântara,23,0,1,0,2,0,0,M,25 - 29 anos
Alvalade,24,0,0,0,4,1,0,M,25 - 29 anos
Areeiro,21,2,0,0,0,3,0,M,25 - 29 anos
Arroios,33,2,0,0,3,1,0,M,25 - 29 anos
Avenidas Novas,16,0,0,0,5,0,0,M,25 - 29 anos
Beato,35,0,0,0,1,0,0,M,25 - 29 anos
Belém,11,0,0,0,3,0,0,M,25 - 29 anos
Benfica,83,3,0,0,8,1,0,M,25 - 29 anos
Campo de Ourique,41,0,0,0,3,0,0,M,25 - 29 anos
Campolide,27,2,0,0,2,0,0,M,25 - 29 anos
Carnide,64,0,1,0,2,0,0,M,25 - 29 anos
Estrela,22,0,0,0,2,1,0,M,25 - 29 anos
Lumiar,77,1,0,0,5,3,0,M,25 - 29 anos
Marvila,166,5,0,0,8,1,0,M,25 - 29 anos
Misericórdia,15,0,0,0,1,2,0,M,25 - 29 anos
Olivais,84,0,0,0,8,0,1,M,25 - 29 anos
Parque das Nações,37,0,0,0,2,0,0,M,25 - 29 anos
Penha de França,50,0,0,0,3,0,0,M,25 - 29 anos
Santa Clara,132,3,1,0,2,1,0,M,25 - 29 anos
Santa Maria Maior,17,0,0,0,0,1,0,M,25 - 29 anos
Santo António,13,1,0,0,2,0,0,M,25 - 29 anos
São Domingos de Benfica,19,1,0,0,3,0,0,M,25 - 29 anos
São Vicente,13,0,0,0,1,0,0,M,25 - 29 anos
Algueirão-Mem Martins,203,9,1,0,11,4,2,M,25 - 29 anos
Casal de Cambra,59,3,0,0,6,0,0,M,25 - 29 anos
Colares,9,0,0,0,0,0,0,M,25 - 29 anos
Rio de Mouro,189,7,3,0,14,4,0,M,25 - 29 anos
União das freguesias de Agualva e Mira-Sintra,178,3,0,0,10,1,0,M,25 - 29 anos
"União das freguesias de Almargem do Bispo, Pêro Pinheiro e Montelavar",33,2,0,0,2,0,0,M,25 - 29 anos
União das freguesias de Massamá e Monte Abraão,151,6,0,0,14,3,0,M,25 - 29 anos
União das freguesias de Queluz e Belas,188,7,1,0,11,4,0,M,25 - 29 anos
União das freguesias de São João das Lampas e Terrugem,26,1,0,0,2,0,0,M,25 - 29 anos
"União das freguesias de Sintra (Santa Maria e São Miguel, São Martinho e São Pedro de Penaferrim)",37,0,0,0,5,0,0,M,25 - 29 anos
União das freguesias do Cacém e São Marcos,139,10,1,0,11,2,0,M,25 - 29 anos
Costa da Caparica,33,0,0,0,1,2,0,M,25 - 29 anos
"União das freguesias de Almada, Cova da Piedade, Pragal e Cacilhas",126,7,1,0,7,1,0,M,25 - 29 anos
União das freguesias de Caparica e Trafaria,149,0,0,0,6,0,0,M,25 - 29 anos
União das freguesias de Charneca de Caparica e Sobreda,74,1,0,0,9,2,0,M,25 - 29 anos
União das freguesias de Laranjeiro e Feijó,149,5,0,0,10,0,0,M,25 - 29 anos
Alcabideche,157,4,0,0,18,7,1,M,30 - 34 anos
São Domingos de Rana,201,9,1,1,25,12,0,M,30 - 34 anos
União das freguesias de Carcavelos e Parede,95,2,0,0,18,5,0,M,30 - 34 anos
União das freguesias de Cascais e Estoril,156,4,1,2,30,13,0,M,30 - 34 anos
Ajuda,73,3,0,0,5,2,0,M,30 - 34 anos
Alcântara,54,2,0,0,12,5,0,M,30 - 34 anos
Alvalade,48,1,0,0,11,7,1,M,30 - 34 anos
Areeiro,38,0,0,1,5,8,0,M,30 - 34 anos
Arroios,57,3,1,2,12,5,1,M,30 - 34 anos
Avenidas Novas,30,1,0,0,10,6,0,M,30 - 34 anos
Beato,50,0,0,0,0,1,1,M,30 - 34 anos
Belém,27,0,0,0,6,11,0,M,30 - 34 anos
Benfica,116,1,1,0,13,5,1,M,30 - 34 anos
Campo de Ourique,56,1,0,0,10,6,0,M,30 - 34 anos
Campolide,52,2,0,0,9,2,0,M,30 - 34 anos
Carnide,72,0,0,0,3,2,0,M,30 - 34 anos
Estrela,49,1,0,1,7,6,0,M,30 - 34 anos
Lumiar,99,1,0,0,13,11,0,M,30 - 34 anos
Marvila,206,4,0,0,10,5,0,M,30 - 34 anos
Misericórdia,22,0,0,0,3,1,0,M,30 - 34 anos
Olivais,105,6,0,0,8,4,1,M,30 - 34 anos
Parque das Nações,65,2,1,1,5,4,0,M,30 - 34 anos
Penha de França,85,2,1,0,8,7,1,M,30 - 34 anos
Santa Clara,156,5,0,0,12,3,0,M,30 - 34 anos
Santa Maria Maior,25,1,0,0,1,1,0,M,30 - 34 anos
Santo António,17,1,0,0,5,2,0,M,30 - 34 anos
São Domingos de Benfica,53,1,1,0,13,12,1,M,30 - 34 anos
São Vicente,39,1,0,0,5,2,0,M,30 - 34 anos
Algueirão-Mem Martins,323,11,0,1,42,8,0,M,30 - 34 anos
Casal de Cambra,62,3,0,0,6,1,0,M,30 - 34 anos
Colares,18,0,0,0,5,2,0,M,30 - 34 anos
Rio de Mouro,287,12,2,0,44,6,0,M,30 - 34 anos
União das freguesias de Agualva e Mira-Sintra,293,11,0,0,38,4,0,M,30 - 34 anos
"União das freguesias de Almargem do Bispo, Pêro Pinheiro e Montelavar",76,2,0,0,10,0,0,M,30 - 34 anos
União das freguesias de Massamá e Monte Abraão,194,4,1,0,29,3,1,M,30 - 34 anos
União das freguesias de Queluz e Belas,259,9,0,0,43,6,0,M,30 - 34 anos
União das freguesias de São João das Lampas e Terrugem,54,3,0,0,10,2,0,M,30 - 34 anos
"União das freguesias de Sintra (Santa Maria e São Miguel, São Martinho e São Pedro de Penaferrim)",70,7,0,0,9,5,0,M,30 - 34 anos
União das freguesias do Cacém e São Marcos,274,8,1,1,39,6,0,M,30 - 34 anos
Costa da Caparica,62,0,0,0,10,7,0,M,30 - 34 anos
"União das freguesias de Almada, Cova da Piedade, Pragal e Cacilhas",141,5,0,0,18,11,0,M,30 - 34 anos
União das freguesias de Caparica e Trafaria,190,2,0,0,12,6,0,M,30 - 34 anos
União das freguesias de Charneca de Caparica e Sobreda,129,4,1,0,28,7,1,M,30 - 34 anos
União das freguesias de Laranjeiro e Feijó,198,7,1,0,18,2,0,M,30 - 34 anos
Alcabideche,233,10,3,2,32,19,0,M,35 - 39 anos
São Domingos de Rana,318,9,0,4,71,15,3,M,35 - 39 anos
União das freguesias de Carcavelos e Parede,157,8,0,7,45,16,1,M,35 - 39 anos
União das freguesias de Cascais e Estoril,240,4,1,10,63,21,2,M,35 - 39 anos
Ajuda,63,1,0,0,8,2,0,M,35 - 39 anos
Alcântara,90,0,0,3,21,9,0,M,35 - 39 anos
Alvalade,97,0,0,2,42,22,2,M,35 - 39 anos
Areeiro,57,3,0,1,10,8,3,M,35 - 39 anos
Arroios,90,2,0,3,30,11,3,M,35 - 39 anos
Avenidas Novas,57,2,0,0,17,11,1,M,35 - 39 anos
Beato,68,4,0,0,6,3,0,M,35 - 39 anos
Belém,51,2,0,1,20,10,1,M,35 - 39 anos
Benfica,151,3,1,4,36,10,1,M,35 - 39 anos
Campo de Ourique,94,0,0,1,16,11,3,M,35 - 39 anos
Campolide,67,1,0,3,18,6,0,M,35 - 39 anos
Carnide,93,2,0,1,19,3,1,M,35 - 39 anos
Estrela,67,1,0,2,22,10,0,M,35 - 39 anos
Lumiar,169,4,0,2,46,20,3,M,35 - 39 anos
Marvila,259,5,1,1,24,9,1,M,35 - 39 anos
Misericórdia,37,2,0,1,7,1,0,M,35 - 39 anos
Olivais,136,1,0,1,19,12,0,M,35 - 39 anos
Parque das Nações,92,1,0,4,22,9,0,M,35 - 39 anos
Penha de França,132,4,1,5,19,12,2,M,35 - 39 anos
Santa Clara,207,1,0,0,26,6,0,M,35 - 39 anos
Santa Maria Maior,38,3,0,1,6,3,0,M,35 - 39 anos
Santo António,28,0,0,0,5,6,0,M,35 - 39 anos
São Domingos de Benfica,113,4,0,3,39,25,2,M,35 - 39 anos
São Vicente,76,1,0,1,9,6,2,M,35 - 39 anos
Algueirão-Mem Martins,439,20,3,4,67,20,2,M,35 - 39 anos
Casal de Cambra,113,3,0,2,13,0,0,M,35 - 39 anos
Colares,38,0,0,2,5,4,0,M,35 - 39 anos
Rio de Mouro,335,15,1,7,50,12,0,M,35 - 39 anos
União das freguesias de Agualva e Mira-Sintra,319,5,1,9,46,6,0,M,35 - 39 anos
"União das freguesias de Almargem do Bispo, Pêro Pinheiro e Montelavar",85,3,1,2,12,0,0,M,35 - 39 anos
União das freguesias de Massamá e Monte Abraão,289,5,0,4,61,11,3,M,35 - 39 anos
União das freguesias de Queluz e Belas,373,17,0,3,53,19,1,M,35 - 39 anos
União das freguesias de São João das Lampas e Terrugem,89,1,0,0,14,4,0,M,35 - 39 anos
"União das freguesias de Sintra (Santa Maria e São Miguel, São Martinho e São Pedro de Penaferrim)",120,1,0,0,32,12,1,M,35 - 39 anos
União das freguesias do Cacém e São Marcos,259,4,0,2,42,3,1,M,35 - 39 anos
Costa da Caparica,80,2,0,1,18,4,1,M,35 - 39 anos
"União das freguesias de Almada, Cova da Piedade, Pragal e Cacilhas",233,5,0,6,58,14,0,M,35 - 39 anos
União das freguesias de Caparica e Trafaria,237,3,2,4,24,6,0,M,35 - 39 anos
União das freguesias de Charneca de Caparica e Sobreda,205,9,0,2,55,18,2,M,35 - 39 anos
União das freguesias de Laranjeiro e Feijó,246,6,1,1,35,9,1,M,35 - 39 anos
Alcabideche,336,12,0,9,89,18,3,M,40 - 44 anos
São Domingos de Rana,484,13,0,13,153,35,3,M,40 - 44 anos
União das freguesias de Carcavelos e Parede,329,11,0,11,143,33,6,M,40 - 44 anos
União das freguesias de Cascais e Estoril,435,12,1,15,156,46,1,M,40 - 44 anos
Ajuda,107,2,0,1,27,8,1,M,40 - 44 anos
Alcântara,107,1,0,6,33,16,2,M,40 - 44 anos
Alvalade,164,1,0,1,88,26,2,M,40 - 44 anos
Areeiro,94,5,0,3,33,9,4,M,40 - 44 anos
Arroios,140,2,0,5,59,19,7,M,40 - 44 anos
Avenidas Novas,104,3,0,5,45,14,6,M,40 - 44 anos
Beato,82,5,0,0,18,2,1,M,40 - 44 anos
Belém,82,0,0,3,37,17,4,M,40 - 44 anos
Benfica,233,6,1,5,74,23,3,M,40 - 44 anos
Campo de Ourique,167,5,0,2,54,18,3,M,40 - 44 anos
Campolide,84,1,0,1,17,4,1,M,40 - 44 anos
Carnide,100,1,0,2,27,8,1,M,40 - 44 anos
Estrela,102,4,0,2,38,9,0,M,40 - 44 anos
Lumiar,265,4,0,4,116,30,9,M,40 - 44 anos
Marvila,310,4,0,5,33,7,4,M,40 - 44 anos
Misericórdia,54,0,0,2,8,4,3,M,40 - 44 anos
Olivais,201,6,0,5,43,19,3,M,40 - 44 anos
Parque das Nações,179,3,0,0,67,16,6,M,40 - 44 anos
Penha de França,175,1,0,1,39,17,4,M,40 - 44 anos
Santa Clara,238,1,1,3,53,8,3,M,40 - 44 anos
Santa Maria Maior,36,0,0,3,3,3,2,M,40 - 44 anos
Santo António,55,2,0,0,21,13,3,M,40 - 44 anos
São Domingos de Benfica,189,0,0,7,79,30,7,M,40 - 44 anos
São Vicente,94,2,0,3,16,9,4,M,40 - 44 anos
Algueirão-Mem Martins,554,15,1,7,122,17,3,M,40 - 44 anos
Casal de Cambra,111,1,0,3,18,1,0,M,40 - 44 anos
Colares,34,0,0,1,7,1,0,M,40 - 44 anos
Rio de Mouro,441,15,1,8,75,15,2,M,40 - 44 anos
União das freguesias de Agualva e Mira-Sintra,372,11,0,3,54,5,0,M,40 - 44 anos
"União das freguesias de Almargem do Bispo, Pêro Pinheiro e Montelavar",103,2,0,0,12,5,1,M,40 - 44 anos
União das freguesias de Massamá e Monte Abraão,380,11,1,9,96,14,2,M,40 - 44 anos
União das freguesias de Queluz e Belas,458,8,0,10,84,16,1,M,40 - 44 anos
União das freguesias de São João das Lampas e Terrugem,93,4,0,3,23,3,1,M,40 - 44 anos
"União das freguesias de Sintra (Santa Maria e São Miguel, São Martinho e São Pedro de Penaferrim)",172,5,0,9,54,16,0,M,40 - 44 anos
União das freguesias do Cacém e São Marcos,356,9,1,4,57,7,0,M,40 - 44 anos
Costa da Caparica,109,3,0,3,24,4,1,M,40 - 44 anos
"União das freguesias de Almada, Cova da Piedade, Pragal e Cacilhas",368,6,0,9,83,28,3,M,40 - 44 anos
União das freguesias de Caparica e Trafaria,264,4,1,2,33,5,0,M,40 - 44 anos
União das freguesias de Charneca de Caparica e Sobreda,328,6,1,15,112,28,3,M,40 - 44 anos
União das freguesias de Laranjeiro e Feijó,329,4,0,7,59,7,1,M,40 - 44 anos
Alcabideche,402,14,0,13,102,14,1,M,45 - 49 anos
São Domingos de Rana,594,15,0,23,156,25,0,M,45 - 49 anos
União das freguesias de Carcavelos e Parede,439,7,0,24,193,37,8,M,45 - 49 anos
União das freguesias de Cascais e Estoril,545,9,0,32,191,44,4,M,45 - 49 anos
Ajuda,100,1,0,4,25,3,2,M,45 - 49 anos
Alcântara,104,2,0,2,39,4,2,M,45 - 49 anos
Alvalade,261,7,0,8,123,32,11,M,45 - 49 anos
Areeiro,157,2,0,5,78,20,8,M,45 - 49 anos
Arroios,209,4,0,8,84,24,5,M,45 - 49 anos
Avenidas Novas,138,1,0,2,65,19,4,M,45 - 49 anos
Beato,95,4,0,4,21,6,0,M,45 - 49 anos
Belém,115,0,0,3,60,18,5,M,45 - 49 anos
Benfica,271,6,0,11,88,20,4,M,45 - 49 anos
Campo de Ourique,183,6,0,2,72,22,6,M,45 - 49 anos
Campolide,106,0,0,3,36,11,1,M,45 - 49 anos
Carnide,152,1,0,5,52,18,3,M,45 - 49 anos
Estrela,187,1,0,15,60,31,5,M,45 - 49 anos
Lumiar,344,3,0,13,169,45,9,M,45 - 49 anos
Marvila,286,4,0,4,36,2,2,M,45 - 49 anos
Misericórdia,71,1,0,1,20,7,5,M,45 - 49 anos
Olivais,225,5,0,3,61,18,2,M,45 - 49 anos
Parque das Nações,206,2,0,8,92,27,6,M,45 - 49 anos
Penha de França,209,2,0,6,50,14,4,M,45 - 49 anos
Santa Clara,222,3,0,4,45,8,3,M,45 - 49 anos
Santa Maria Maior,47,0,0,3,9,2,0,M,45 - 49 anos
Santo António,59,0,0,2,25,10,6,M,45 - 49 anos
São Domingos de Benfica,265,5,0,9,127,33,9,M,45 - 49 anos
São Vicente,108,4,0,6,26,9,3,M,45 - 49 anos
Algueirão-Mem Martins,691,17,0,20,126,6,4,M,45 - 49 anos
Casal de Cambra,113,2,0,2,11,5,0,M,45 - 49 anos
Colares,62,2,0,4,13,7,0,M,45 - 49 anos
Rio de Mouro,457,10,0,15,86,10,3,M,45 - 49 anos
União das freguesias de Agualva e Mira-Sintra,436,12,0,10,63,10,2,M,45 - 49 anos
"União das freguesias de Almargem do Bispo, Pêro Pinheiro e Montelavar",120,5,0,3,19,6,1,M,45 - 49 anos
União das freguesias de Massamá e Monte Abraão,462,9,0,18,100,14,1,M,45 - 49 anos
União das freguesias de Queluz e Belas,459,7,0,9,85,10,2,M,45 - 49 anos
União das freguesias de São João das Lampas e Terrugem,116,2,0,4,24,6,0,M,45 - 49 anos
"União das freguesias de Sintra (Santa Maria e São Miguel, São Martinho e São Pedro de Penaferrim)",215,7,0,9,71,12,3,M,45 - 49 anos
União das freguesias do Cacém e São Marcos,453,16,0,9,77,7,0,M,45 - 49 anos
Costa da Caparica,117,3,0,3,32,9,1,M,45 - 49 anos
"União das freguesias de Almada, Cova da Piedade, Pragal e Cacilhas",424,10,0,19,124,23,6,M,45 - 49 anos
União das freguesias de Caparica e Trafaria,248,5,0,4,39,11,0,M,45 - 49 anos
União das freguesias de Charneca de Caparica e Sobreda,376,6,0,22,132,25,5,M,45 - 49 anos
União das freguesias de Laranjeiro e Feijó,398,5,0,9,76,11,2,M,45 - 49 anos
Alcabideche,359,4,0,20,74,11,1,M,50 - 54 anos
São Domingos de Rana,464,5,0,29,113,18,4,M,50 - 54 anos
União das freguesias de Carcavelos e Parede,396,9,0,22,138,34,8,M,50 - 54 anos
União das freguesias de Cascais e Estoril,501,12,0,30,139,56,16,M,50 - 54 anos
Ajuda,85,1,0,2,15,4,2,M,50 - 54 anos
Alcântara,99,2,0,4,34,5,6,M,50 - 54 anos
Alvalade,217,4,0,13,105,26,5,M,50 - 54 anos
Areeiro,129,2,0,5,52,24,8,M,50 - 54 anos
Arroios,173,4,0,4,48,19,11,M,50 - 54 anos
Avenidas Novas,160,4,0,7,72,17,6,M,50 - 54 anos
Beato,83,2,0,2,17,3,2,M,50 - 54 anos
Belém,141,2,0,13,63,14,7,M,50 - 54 anos
Benfica,272,4,0,17,85,21,6,M,50 - 54 anos
Campo de Ourique,145,3,0,15,50,19,4,M,50 - 54 anos
Campolide,121,2,0,2,25,10,1,M,50 - 54 anos
Carnide,146,2,0,3,53,18,4,M,50 - 54 anos
Estrela,161,0,0,20,55,21,2,M,50 - 54 anos
Lumiar,379,2,0,21,171,53,16,M,50 - 54 anos
Marvila,303,2,0,4,22,5,1,M,50 - 54 anos
Misericórdia,68,0,0,5,19,10,2,M,50 - 54 anos
Olivais,253,4,0,13,61,14,5,M,50 - 54 anos
Parque das Nações,181,0,0,4,65,23,4,M,50 - 54 anos
Penha de França,173,4,0,13,45,9,1,M,50 - 54 anos
Santa Clara,196,3,0,9,17,2,3,M,50 - 54 anos
Santa Maria Maior,49,0,0,0,14,4,2,M,50 - 54 anos
Santo António,60,1,0,4,24,4,4,M,50 - 54 anos
São Domingos de Benfica,242,2,0,15,105,25,7,M,50 - 54 anos
São Vicente,73,0,0,3,22,4,1,M,50 - 54 anos
Algueirão-Mem Martins,576,16,0,11,87,20,4,M,50 - 54 anos
Casal de Cambra,103,1,0,0,6,1,0,M,50 - 54 anos
Colares,49,1,0,3,10,3,1,M,50 - 54 anos
Rio de Mouro,445,12,0,19,48,9,2,M,50 - 54 anos
União das freguesias de Agualva e Mira-Sintra,377,5,0,10,42,3,0,M,50 - 54 anos
"União das freguesias de Almargem do Bispo, Pêro Pinheiro e Montelavar",90,3,0,0,8,3,2,M,50 - 54 anos
União das freguesias de Massamá e Monte Abraão,433,13,0,23,84,12,3,M,50 - 54 anos
União das freguesias de Queluz e Belas,435,12,0,14,76,12,2,M,50 - 54 anos
União das freguesias de São João das Lampas e Terrugem,108,1,0,6,20,2,0,M,50 - 54 anos
"União das freguesias de Sintra (Santa Maria e São Miguel, São Martinho e São Pedro de Penaferrim)",239,1,0,14,67,16,2,M,50 - 54 anos
União das freguesias do Cacém e São Marcos,420,10,0,7,44,2,1,M,50 - 54 anos
Costa da Caparica,108,1,0,4,26,2,3,M,50 - 54 anos
"União das freguesias de Almada, Cova da Piedade, Pragal e Cacilhas",351,8,0,8,82,10,3,M,50 - 54 anos
União das freguesias de Caparica e Trafaria,204,4,0,1,26,4,0,M,50 - 54 anos
União das freguesias de Charneca de Caparica e Sobreda,349,4,0,11,118,14,2,M,50 - 54 anos
União das freguesias de Laranjeiro e Feijó,321,6,0,9,54,7,3,M,50 - 54 anos
Alcabideche,246,1,0,5,43,4,5,M,55 - 59 anos
São Domingos de Rana,351,0,0,10,66,13,5,M,55 - 59 anos
União das freguesias de Carcavelos e Parede,308,3,0,20,112,22,13,M,55 - 59 anos
União das freguesias de Cascais e Estoril,461,4,0,52,97,27,9,M,55 - 59 anos
Ajuda,79,0,0,1,13,5,0,M,55 - 59 anos
Alcântara,75,0,0,6,18,5,2,M,55 - 59 anos
Alvalade,224,1,0,21,92,24,10,M,55 - 59 anos
Areeiro,132,0,0,9,51,19,4,M,55 - 59 anos
Arroios,170,0,0,8,64,18,1,M,55 - 59 anos
Avenidas Novas,155,0,0,14,52,23,8,M,55 - 59 anos
Beato,66,0,0,5,8,1,0,M,55 - 59 anos
Belém,93,0,0,9,42,8,4,M,55 - 59 anos
Benfica,212,0,0,5,57,13,1,M,55 - 59 anos
Campo de Ourique,141,2,0,6,45,15,3,M,55 - 59 anos
Campolide,93,0,0,1,29,5,0,M,55 - 59 anos
Carnide,122,1,0,3,33,9,3,M,55 - 59 anos
Estrela,101,0,0,7,29,7,6,M,55 - 59 anos
Lumiar,317,0,0,22,128,35,10,M,55 - 59 anos
Marvila,230,0,0,2,18,2,2,M,55 - 59 anos
Misericórdia,50,0,0,2,15,2,2,M,55 - 59 anos
Olivais,239,0,0,7,62,11,3,M,55 - 59 anos
Parque das Nações,109,1,0,3,37,13,4,M,55 - 59 anos
Penha de França,168,0,0,8,43,10,1,M,55 - 59 anos
Santa Clara,162,0,0,2,16,6,2,M,55 - 59 anos
Santa Maria Maior,46,0,0,0,7,2,1,M,55 - 59 anos
Santo António,51,0,0,6,21,2,2,M,55 - 59 anos
São Domingos de Benfica,219,2,0,15,102,19,8,M,55 - 59 anos
São Vicente,61,0,0,1,13,0,0,M,55 - 59 anos
Algueirão-Mem Martins,404,1,0,13,63,12,0,M,55 - 59 anos
Casal de Cambra,73,0,0,0,6,2,0,M,55 - 59 anos
Colares,35,0,0,1,10,2,0,M,55 - 59 anos
Rio de Mouro,296,2,0,6,37,8,2,M,55 - 59 anos
União das freguesias de Agualva e Mira-Sintra,258,1,0,3,23,7,1,M,55 - 59 anos
"União das freguesias de Almargem do Bispo, Pêro Pinheiro e Montelavar",60,0,0,1,5,0,0,M,55 - 59 anos
União das freguesias de Massamá e Monte Abraão,362,1,0,10,88,3,2,M,55 - 59 anos
União das freguesias de Queluz e Belas,338,1,0,9,42,13,0,M,55 - 59 anos
União das freguesias de São João das Lampas e Terrugem,90,0,0,4,11,4,0,M,55 - 59 anos
"União das freguesias de Sintra (Santa Maria e São Miguel, São Martinho e São Pedro de Penaferrim)",143,0,0,10,38,7,1,M,55 - 59 anos
União das freguesias do Cacém e São Marcos,245,1,0,9,29,2,2,M,55 - 59 anos
Costa da Caparica,87,0,0,2,21,1,2,M,55 - 59 anos
"União das freguesias de Almada, Cova da Piedade, Pragal e Cacilhas",328,2,0,12,82,16,3,M,55 - 59 anos
União das freguesias de Caparica e Trafaria,173,0,0,1,17,1,1,M,55 - 59 anos
União das freguesias de Charneca de Caparica e Sobreda,210,2,0,10,53,14,2,M,55 - 59 anos
União das freguesias de Laranjeiro e Feijó,259,0,0,6,36,5,0,M,55 - 59 anos
Alcabideche,188,0,0,5,30,4,2,M,60 - 64 anos
São Domingos de Rana,224,0,0,6,26,6,1,M,60 - 64 anos
União das freguesias de Carcavelos e Parede,183,0,0,12,59,6,4,M,60 - 64 anos
União das freguesias de Cascais e Estoril,277,0,0,22,75,12,3,M,60 - 64 anos
Ajuda,46,0,0,2,5,0,0,M,60 - 64 anos
Alcântara,54,0,0,3,4,4,1,M,60 - 64 anos
Alvalade,134,0,0,10,43,12,9,M,60 - 64 anos
Areeiro,93,0,0,6,40,8,5,M,60 - 64 anos
Arroios,116,0,0,5,30,11,2,M,60 - 64 anos
Avenidas Novas,99,0,0,10,41,10,1,M,60 - 64 anos
Beato,46,0,0,0,4,0,1,M,60 - 64 anos
Belém,55,0,0,3,22,4,4,M,60 - 64 anos
Benfica,151,0,0,7,36,3,4,M,60 - 64 anos
Campo de Ourique,75,0,0,4,11,5,1,M,60 - 64 anos
Campolide,71,0,0,4,12,2,4,M,60 - 64 anos
Carnide,78,0,0,4,20,7,2,M,60 - 64 anos
Estrela,68,0,0,8,23,4,2,M,60 - 64 anos
Lumiar,195,0,0,11,72,18,11,M,60 - 64 anos
Marvila,190,0,0,2,11,2,2,M,60 - 64 anos
Misericórdia,34,0,0,2,4,4,2,M,60 - 64 anos
Olivais,136,0,0,2,26,6,2,M,60 - 64 anos
Parque das Nações,60,0,0,3,3,5,2,M,60 - 64 anos
Penha de França,110,0,0,1,24,3,1,M,60 - 64 anos
Santa Clara,114,0,0,2,11,9,2,M,60 - 64 anos
Santa Maria Maior,34,0,0,0,2,1,0,M,60 - 64 anos
Santo António,36,0,0,3,14,1,1,M,60 - 64 anos
São Domingos de Benfica,147,0,0,7,45,11,2,M,60 - 64 anos
São Vicente,42,0,0,2,6,1,1,M,60 - 64 anos
Algueirão-Mem Martins,249,0,0,6,21,6,1,M,60 - 64 anos
Casal de Cambra,47,0,0,0,2,0,0,M,60 - 64 anos
Colares,18,0,0,2,1,0,0,M,60 - 64 anos
Rio de Mouro,179,0,0,7,16,2,0,M,60 - 64 anos
União das freguesias de Agualva e Mira-Sintra,154,0,0,0,11,1,0,M,60 - 64 anos
"União das freguesias de Almargem do Bispo, Pêro Pinheiro e Montelavar",42,0,0,1,2,1,1,M,60 - 64 anos
União das freguesias de Massamá e Monte Abraão,225,0,0,3,32,8,1,M,60 - 64 anos
União das freguesias de Queluz e Belas,202,0,0,3,31,9,4,M,60 - 64 anos
União das freguesias de São João das Lampas e Terrugem,52,0,0,2,6,1,0,M,60 - 64 anos
"União das freguesias de Sintra (Santa Maria e São Miguel, São Martinho e São Pedro de Penaferrim)",87,0,0,4,23,5,2,M,60 - 64 anos
União das freguesias do Cacém e São Marcos,143,0,0,4,12,0,1,M,60 - 64 anos
Costa da Caparica,46,0,0,3,9,0,1,M,60 - 64 anos
"União das freguesias de Almada, Cova da Piedade, Pragal e Cacilhas",189,0,0,10,29,5,3,M,60 - 64 anos
União das freguesias de Caparica e Trafaria,149,0,0,3,12,0,0,M,60 - 64 anos
União das freguesias de Charneca de Caparica e Sobreda,145,0,0,8,24,4,4,M,60 - 64 anos
União das freguesias de Laranjeiro e Feijó,148,0,0,7,17,2,0,M,60 - 64 anos
Alcabideche,527,0,0,12,17,5,1,M,65 ou mais anos
São Domingos de Rana,669,0,0,16,26,5,1,M,65 ou mais anos
União das freguesias de Carcavelos e Parede,636,0,0,42,65,5,5,M,65 ou mais anos
União das freguesias de Cascais e Estoril,925,0,0,35,77,9,6,M,65 ou mais anos
Ajuda,267,0,0,2,5,0,0,M,65 ou mais anos
Alcântara,190,0,0,4,12,1,1,M,65 ou mais anos
Alvalade,463,0,0,22,72,14,5,M,65 ou mais anos
Areeiro,319,0,0,18,49,6,4,M,65 ou mais anos
Arroios,437,0,0,14,47,6,4,M,65 ou mais anos
Avenidas Novas,278,0,0,17,51,4,2,M,65 ou mais anos
Beato,209,0,0,3,7,3,2,M,65 ou mais anos
Belém,210,0,0,11,28,1,4,M,65 ou mais anos
Benfica,632,0,0,22,67,10,2,M,65 ou mais anos
Campo de Ourique,341,0,0,10,38,3,3,M,65 ou mais anos
Campolide,210,0,0,6,14,3,0,M,65 ou mais anos
Carnide,263,0,0,2,26,4,1,M,65 ou mais anos
Estrela,248,0,0,9,30,2,6,M,65 ou mais anos
Lumiar,513,0,0,29,97,14,9,M,65 ou mais anos
Marvila,709,0,0,4,11,0,0,M,65 ou mais anos
Misericórdia,131,0,0,0,7,2,1,M,65 ou mais anos
Olivais,667,0,0,16,38,0,4,M,65 ou mais anos
Parque das Nações,177,0,0,5,14,4,0,M,65 ou mais anos
Penha de França,439,0,0,13,26,1,1,M,65 ou mais anos
Santa Clara,305,0,0,4,9,1,1,M,65 ou mais anos
Santa Maria Maior,141,0,0,1,2,2,0,M,65 ou mais anos
Santo António,126,0,0,10,10,4,2,M,65 ou mais anos
São Domingos de Benfica,448,0,0,21,69,10,2,M,65 ou mais anos
São Vicente,211,0,0,7,14,3,0,M,65 ou mais anos
Algueirão-Mem Martins,634,0,0,17,23,2,0,M,65 ou mais anos
Casal de Cambra,107,0,0,0,4,0,0,M,65 ou mais anos
Colares,88,0,0,1,4,1,2,M,65 ou mais anos
Rio de Mouro,462,0,0,6,24,1,2,M,65 ou mais anos
União das freguesias de Agualva e Mira-Sintra,523,0,0,8,12,1,0,M,65 ou mais anos
"União das freguesias de Almargem do Bispo, Pêro Pinheiro e Montelavar",196,0,0,1,0,0,0,M,65 ou mais anos
União das freguesias de Massamá e Monte Abraão,525,0,0,20,30,3,2,M,65 ou mais anos
União das freguesias de Queluz e Belas,537,0,0,15,25,0,0,M,65 ou mais anos
União das freguesias de São João das Lampas e Terrugem,177,0,0,1,4,0,0,M,65 ou mais anos
"União das freguesias de Sintra (Santa Maria e São Miguel, São Martinho e São Pedro de Penaferrim)",277,0,0,11,9,4,1,M,65 ou mais anos
União das freguesias do Cacém e São Marcos,315,0,0,4,4,1,0,M,65 ou mais anos
Costa da Caparica,190,0,0,3,11,3,0,M,65 ou mais anos
"União das freguesias de Almada, Cova da Piedade, Pragal e Cacilhas",785,0,0,18,45,3,3,M,65 ou mais anos
União das freguesias de Caparica e Trafaria,372,0,0,4,6,0,0,M,65 ou mais anos
União das freguesias de Charneca de Caparica e Sobreda,418,0,0,9,12,4,1,M,65 ou mais anos
União das freguesias de Laranjeiro e Feijó,542,0,0,5,17,0,0,M,65 ou mais anos
